CODE;ENGLISH;FRENCH;GERMAN;POLISH;SPANISH;ITALIAN;SWEDISH;CZECH;HUNGARIAN;DUTCH;PORTUGUESE;RUSSIAN;FINNISH;x
ABU_absolute_monarchy;Trucial States;;;;;;;;;;;;;x
ABU_bourgeois_dictatorship;United Arab Councils;;;;;;;;;;;;;x
ABU_fascist_dictatorship;Emirate;;;;;;;;;;;;;x
ABU_proletarian_dictatorship;Peopleís Arabic Republic;;;;;;;;;;;;;x
ACA_colonial_company;Acadie;;;;;;;;;;;;;x
ACA_dominion;Acadie;;;;;;;;;;;;;x
ACE_democracy;Republic of Acre;;;;;;;;;;;;;x
ACE_proletarian_dictatorship;Acre Commune;;;;;;;;;;;;;x
ACE_fascist_dictatorship;Acre State;;;;;;;;;;;;;x
ADV_absolute_monarchy;Kˆnigreich Texas;;;;;;;;;;;;;x
ADV_bourgeois_dictatorship;Deutsch Texanische Republic;;;;;;;;;;;;;x
ADV_colonial_company;Nobility Society of Mainz;;;;;;;;;;;;;x
ADV_democracy;Republik der Deutsch Texaner;;;;;;;;;;;;;x
ADV_dominion;Imperiale Colonie Texas;;;;;;;;;;;;;x
ADV_fascist_dictatorship;Texanisches Reich;;;;;;;;;;;;;x
ADV_hms_government;Kˆnigreich Texas;;;;;;;;;;;;;x
ADV_presidential_dictatorship;Deutsch Texanische Republic;;;;;;;;;;;;;x
ADV_proletarian_dictatorship;Volksrepublic Texas;;;;;;;;;;;;;x
ADV_prussian_constitutionalism;Kˆnigreich Texas;;;;;;;;;;;;;x
ADW_absolute_monarchy;Adamawa;;;;;;;;;;;;;x
ADW_democracy;Adamawa Republic;;;;;;;;;;;;;x
ADW_fascist_dictatorship;Adamawa Caliphate;;;;;;;;;;;;;x
ADW_hms_government;Adamawa;;;;;;;;;;;;;x
ADW_proletarian_dictatorship;Socialist Republic of Adamawa;;;;;;;;;;;;;x
ADW_prussian_constitutionalism;Adamawa;;;;;;;;;;;;;x
AFG_hms_government;Kingdom of Afghanistan;;;;;;;;;;;;;x
AFG_prussian_constitutionalism;Kingdom of Afghanistan;;;;;;;;;;;;;x
AFG_theocracy;Durrani Empire;;;;;;;;;;;;;x
AIN_absolute_monarchy;Ainu Mosir;;;;;;;;;;;;;x
AKH_absolute_monarchy;Bukei Horde;;;;;;;;;;;;;x
AKH_prussian_constitutionalism;Bukei Horde;;;;;;;;;;;;;x
ALD_colonial_company;Algerie;;;;;;;;;;;;;x
ALD_dominion;Algerie;;;;;;;;;;;;;x
ALS_colonial_company;Elsaﬂ-Lothringen;;;;;;;;;;;;;x
ALS_dominion;Elsaﬂ-Lothringen;;;;;;;;;;;;;x
ALT_absolute_monarchy;Altai Uriankhai;;;;;;;;;;;;;x
ALT_hms_government;Altai Uriankhai;;;;;;;;;;;;;x
ALT_prussian_constitutionalism;Altai Uriankhai;;;;;;;;;;;;;x
ANB_absolute_monarchy;Duchy of Anhalt-Bernburg;;;;;;;;;;;;;x
ANB_colonial_company;Gau Bernburg;;;;;;;;;;;;;x
ANB_democracy;Free State of Anhalt-Bernburg;;;;;;;;;;;;;x
ANB_dominion;Gau Bernburg;;;;;;;;;;;;;x
ANB_fascist_dictatorship;Bernburger Reich;;;;;;;;;;;;;x
ANB_federal_democracy;Free State of Anhalt-Bernburg;;;;;;;;;;;;;x
ANB_hms_government;Duchy of Anhalt-Bernburg;;;;;;;;;;;;;x
ANB_parliamentary_republic;Free State of Anhalt-Bernburg;;;;;;;;;;;;;x
ANB_proletarian_dictatorship;Bernburger Democratic Republic;;;;;;;;;;;;;x
ANB_prussian_constitutionalism;Duchy of Anhalt-Bernburg;;;;;;;;;;;;;x
ANH_absolute_monarchy;Duchy of Anhalt;;;;;;;;;;;;;x
ANH_colonial_company;Gau Dessau;;;;;;;;;;;;;x
ANH_democracy;Free State of Anhalt;;;;;;;;;;;;;x
ANH_dominion;Gau Dessau;;;;;;;;;;;;;x
ANH_fascist_dictatorship;Dessauer Reich;;;;;;;;;;;;;x
ANH_federal_democracy;Free State of Anhalt;;;;;;;;;;;;;x
ANH_hms_government;Duchy of Anhalt;;;;;;;;;;;;;x
ANH_parliamentary_republic;Free State of Anhalt;;;;;;;;;;;;;x
ANH_proletarian_dictatorship;Dessauer Democratic Republic;;;;;;;;;;;;;x
ANH_prussian_constitutionalism;Duchy of Anhalt;;;;;;;;;;;;;x
ANK_absolute_monarchy;Duchy of Anhalt-Kˆthen;;;;;;;;;;;;;x
ANK_colonial_company;Gau Kˆthen;;;;;;;;;;;;;x
ANK_democracy;Free State of Anhalt-Kˆthen;;;;;;;;;;;;;x
ANK_dominion;Gau Kˆthen;;;;;;;;;;;;;x
ANK_fascist_dictatorship;Kˆthenish Reich;;;;;;;;;;;;;x
ANK_federal_democracy;Free State of Anhalt-Kˆthen;;;;;;;;;;;;;x
ANK_hms_government;Duchy of Anhalt-Kˆthen;;;;;;;;;;;;;x
ANK_parliamentary_republic;Free State of Anhalt-Kˆthen;;;;;;;;;;;;;x
ANK_proletarian_dictatorship;Kˆthenish Democratic Republic;;;;;;;;;;;;;x
ANK_prussian_constitutionalism;Duchy of Anhalt-Kˆthen;;;;;;;;;;;;;x
AOT_absolute_monarchy;United Tribes;United Tribes;United Tribes;;;;;;;;;;;x
AOT_hms_government;United Tribes;United Tribes;United Tribes;;;;;;;;;;;x
AOT_prussian_constitutionalism;United Tribes;United Tribes;United Tribes;;;;;;;;;;;x
ARC_democracy;Argentine Confederation;;;;;;;;;;;;;x
ARC_presidential_dictatorship;Argentine Confederation;;;;;;;;;;;;;x
ARC_proletarian_dictatorship;Communist Federation of Argentina;;;;;;;;;;;;;x
ARO_bourgeois_dictatorship;Biafra;Biafra;Biafra;;;;;;;;;;;x
ARO_democracy;Biafra;Biafra;Biafra;;;;;;;;;;;x
ARO_fascist_dictatorship;Biafra;Biafra;Biafra;;;;;;;;;;;x
ARO_presidential_dictatorship;Biafra;Biafra;Biafra;;;;;;;;;;;x
ARO_proletarian_dictatorship;Biafra;Biafra;Biafra;;;;;;;;;;;x
ARU_bourgeois_dictatorship;Arab Republic;;;;;;;;;;;;;x
ARU_democracy;United Arab States;;;;;;;;;;;;;x
ARU_fascist_dictatorship;Arab Republic;;;;;;;;;;;;;x
ARU_presidential_dictatorship;Arab Republic;;;;;;;;;;;;;x
ARU_proletarian_dictatorship;Arab Peopleís Republic;;;;;;;;;;;;;x
ASH_bourgeois_dictatorship;Ghana;Ghana;Ghana;;;;;;;;;;;x
ASH_democracy;Ghana;Ghana;Ghana;;;;;;;;;;;x
ASH_fascist_dictatorship;Ghana;Ghana;Ghana;;;;;;;;;;;x
ASH_presidential_dictatorship;Ghana;Ghana;Ghana;;;;;;;;;;;x
ASH_proletarian_dictatorship;Ghana;Ghana;Ghana;;;;;;;;;;;x
ASM_bourgeois_dictatorship;Assamese Republic;;;;;;;;;;;;;x
ASM_fascist_dictatorship;Assamese Republic;;;;;;;;;;;;;x
ASM_presidential_dictatorship;Assamese Republic;;;;;;;;;;;;;x
AST_absolute_monarchy;Dominion of Australia;;;;;;;;;;;;;x
AST_colonial_company;Australia;;;;;;;;;;;;;x
AST_dominion;Dominion of Australia;;;;;;;;;;;;;x
AST_hms_government;Dominion of Australia;;;;;;;;;;;;;x
AST_prussian_constitutionalism;Dominion of Australia;;;;;;;;;;;;;x
ASY_fascist_dictatorship;Aramaea;;;;;;;;;;;;;x
ATB_absolute_monarchy;Duchy of Saxe-Altenburg;;;;;;;;;;;;;x
ATB_colonial_company;Gau Altenberg;;;;;;;;;;;;;x
ATB_democracy;Free State of Saxe-Altenburg;;;;;;;;;;;;;x
ATB_dominion;Gau Altenberg;;;;;;;;;;;;;x
ATB_fascist_dictatorship;Altenberg Reich;;;;;;;;;;;;;x
ATB_federal_democracy;Free State of Saxe-Altenburg;;;;;;;;;;;;;x
ATB_hms_government;Duchy of Saxe-Altenburg;;;;;;;;;;;;;x
ATB_parliamentary_republic;Free State of Saxe-Altenburg;;;;;;;;;;;;;x
ATB_proletarian_dictatorship;Altenberg Democratic Republic;;;;;;;;;;;;;x
ATB_prussian_constitutionalism;Duchy of Saxe-Altenburg;;;;;;;;;;;;;x
ATH_theocracy;Monastic Republic of Athos;;;;;;;;;;;;;x
AUS_absolute_monarchy;Austrian Empire;;;;;;;;;;;;;x
AUS_colonial_company;Land Ostmark;;;;;;;;;;;;;x
AUS_democracy;Republic of Austria;;;;;;;;;;;;;x
AUS_dominion;Land Ostmark;;;;;;;;;;;;;x
AUS_fascist_dictatorship;Austrian Reich;;;;;;;;;;;;;x
AUS_federal_democracy;Republic of Austria;;;;;;;;;;;;;x
AUS_hms_government;Austrian Empire;;;;;;;;;;;;;x
AUS_parliamentary_republic;Republic of Austria;;;;;;;;;;;;;x
AUS_proletarian_dictatorship;Austrian Soviet Republic;;;;;;;;;;;;;x
AUS_prussian_constitutionalism;Austrian Empire;;;;;;;;;;;;;x
AZH_absolute_monarchy;Anazzah Sheikhdom;;;;;;;;;;;;;x
BAD_absolute_monarchy;Grand Duchy of Baden;;;;;;;;;;;;;x
BAD_colonial_company;Land Baden;;;;;;;;;;;;;x
BAD_democracy;Republic of Baden;;;;;;;;;;;;;x
BAD_dominion;Land Baden;;;;;;;;;;;;;x
BAD_fascist_dictatorship;Badenian Reich;;;;;;;;;;;;;x
BAD_federal_democracy;Republic of Baden;;;;;;;;;;;;;x
BAD_hms_government;Grand Duchy of Baden;;;;;;;;;;;;;x
BAD_parliamentary_republic;Republic of Baden;;;;;;;;;;;;;x
BAD_proletarian_dictatorship;Badenian Soviet Republic;;;;;;;;;;;;;x
BAD_prussian_constitutionalism;Grand Duchy of Baden;;;;;;;;;;;;;x
BAN_colonial_company;Freistaat Banat;;;;;;;;;;;;;x
BAN_democracy;Banat Republic;;;;;;;;;;;;;x
BAN_dominion;Freistaat Banat;;;;;;;;;;;;;x
BAV_absolute_monarchy;Kingdom of Bavaria;;;;;;;;;;;;;x
BAV_colonial_company;Land Bayern;;;;;;;;;;;;;x
BAV_democracy;Republic of Bavaria;;;;;;;;;;;;;x
BAV_dominion;Land Bayern;;;;;;;;;;;;;x
BAV_fascist_dictatorship;Bavarian Reich;;;;;;;;;;;;;x
BAV_federal_democracy;Republic of Bavaria;;;;;;;;;;;;;x
BAV_hms_government;Kingdom of Bavaria;;;;;;;;;;;;;x
BAV_parliamentary_republic;Republic of Bavaria;;;;;;;;;;;;;x
BAV_proletarian_dictatorship;Bavarian Soviet Republic;;;;;;;;;;;;;x
BAV_prussian_constitutionalism;Kingdom of Bavaria;;;;;;;;;;;;;x
BEL_colonial_company;Zuidelijke Nederlanden;;;;;;;;;;;;;x
BER_colonial_company;Gujarat Agency;;;;;;;;;;;;;x
BER_dominion;Gujarat Agency;;;;;;;;;;;;;x
BHM_colonial_company;Colony of The Bahamas;;;;;;;;;;;;;x
BHM_dominion;Commonwealth of The Bahamas;;;;;;;;;;;;;x
BHM_hms_government;The Bahamas;;;;;;;;;;;;;x
BHM_parliamentary_republic;The Bahamas;;;;;;;;;;;;;x
BIH_proletarian_dictatorship;Bihari Peopleís Republic;;;;;;;;;;;;;x
BLC_colonial_company;Baluchistan Agency;;;;;;;;;;;;;x
BLC_dominion;Baluchistan Agency;;;;;;;;;;;;;x
BLZ_colonial_company;British Honduras;;;;;;;;;;;;;x
BLZ_dominion;British Honduras;;;;;;;;;;;;;x
BLZ_hms_government;Belize;;;;;;;;;;;;;x
BLZ_parliamentary_republic;Belize;;;;;;;;;;;;;x
BMD_colonial_company;Islands of Bermuda;;;;;;;;;;;;;x
BMD_dominion;Islands of Bermuda;;;;;;;;;;;;;x
BMK_absolute_monarchy;Kaarta;;;;;;;;;;;;;x
BMK_hms_government;Kaarta;;;;;;;;;;;;;x
BMK_prussian_constitutionalism;Kaarta;;;;;;;;;;;;;x
BNG_absolute_monarchy;Bengal;;;;;;;;;;;;;x
BNG_hms_government;Bengal;;;;;;;;;;;;;x
BNG_proletarian_dictatorship;Bengali Peopleís Republic;;;;;;;;;;;;;x
BNG_prussian_constitutionalism;Bengal;;;;;;;;;;;;;x
BOH_colonial_company;Protektorat Bˆhmen-M‰hren;;;;;;;;;;;;;x
BOH_democracy;Czech Republic;RÈpublique tchËque;Tschechische Republik;;;;;;;;;;;x
BOH_dominion;Bˆhmen-M‰hren;;;;;;;;;;;;;x
BOS_colonial_company;Bosnien-Herzegowina;;;;;;;;;;;;;x
BOS_dominion;Bosnien-Herzegowina;;;;;;;;;;;;;x
BRA_absolute_monarchy;Duchy of Brunswick;;;;;;;;;;;;;x
BRA_colonial_company;Gau Braunschweig;;;;;;;;;;;;;x
BRA_democracy;Free State of Brunswick;;;;;;;;;;;;;x
BRA_dominion;Gau Braunschweig;;;;;;;;;;;;;x
BRA_fascist_dictatorship;Brunswicker Reich;;;;;;;;;;;;;x
BRA_federal_democracy;Free State of Brunswick;;;;;;;;;;;;;x
BRA_hms_government;Duchy of Brunswick;;;;;;;;;;;;;x
BRA_parliamentary_republic;Free State of Brunswick;;;;;;;;;;;;;x
BRA_proletarian_dictatorship;Brunswicker Democratic Republic;;;;;;;;;;;;;x
BRA_prussian_constitutionalism;Duchy of Brunswick;;;;;;;;;;;;;x
BRB_colonial_company;Barbados Colony;;;;;;;;;;;;;x
BRB_dominion;Barbados;;;;;;;;;;;;;x
BRB_hms_government;Barbados;;;;;;;;;;;;;x
BRB_parliamentary_republic;Barbados;;;;;;;;;;;;;x
BRE_absolute_monarchy;Duchy of Bremen;;;;;;;;;;;;;x
BRE_colonial_company;Kreis Bremen;;;;;;;;;;;;;x
BRE_democracy;Free Hanseatic City of Bremen;;;;;;;;;;;;;x
BRE_dominion;Kreis Bremen;;;;;;;;;;;;;x
BRE_fascist_dictatorship;Bremer Reich;;;;;;;;;;;;;x
BRE_federal_democracy;Free Hanseatic City of Bremen;;;;;;;;;;;;;x
BRE_hms_government;Duchy of Bremen;;;;;;;;;;;;;x
BRE_parliamentary_republic;Free Hanseatic City of Bremen;;;;;;;;;;;;;x
BRE_proletarian_dictatorship;Commune of Bremen;;;;;;;;;;;;;x
BRE_prussian_constitutionalism;Duchy of Bremen;;;;;;;;;;;;;x
BRM_absolute_monarchy;Baguirmi;;;;;;;;;;;;;x
BRM_democracy;Baguirmi Republic;;;;;;;;;;;;;x
BRM_hms_government;Baguirmi;;;;;;;;;;;;;x
BRM_prussian_constitutionalism;Baguirmi;;;;;;;;;;;;;x
BRZ_absolute_monarchy;Empire of Brazil;;;;;;;;;;;;;x
BRZ_colonial_company;Brazil;;;;;;;;;;;;;x
BRZ_dominion;Kingdom of Brazil;;;;;;;;;;;;;x
BRZ_hms_government;Empire of Brazil;;;;;;;;;;;;;x
BRZ_proletarian_dictatorship;Brazilian Co-Prosperity Sphere;;;;;;;;;;;;;x
BRZ_prussian_constitutionalism;Empire of Brazil;;;;;;;;;;;;;x
BSH_absolute_monarchy;Basutoland;;;;;;;;;;;;;x
BSQ_fascist_dictatorship;Euskadi;;;;;;;;;;;;;x
BUG_absolute_monarchy;Buganda;;;;;;;;;;;;;x
BUG_prussian_constitutionalism;Buganda;;;;;;;;;;;;;x
BUK_absolute_monarchy;Bukhara;;;;;;;;;;;;;x
BUK_bourgeois_dictatorship;Kirghizia;;;;;;;;;;;;;x
BUK_democracy;Kyrgyzstan;;;;;;;;;;;;;x
BUK_fascist_dictatorship;Kirghizia;;;;;;;;;;;;;x
BUK_presidential_dictatorship;Kyrgyzstan;;;;;;;;;;;;;x
BUK_proletarian_dictatorship;Kirghizia;;;;;;;;;;;;;x
BUN_colonial_company;Central India Agency;;;;;;;;;;;;;x
BUN_dominion;Central India Agency;;;;;;;;;;;;;x
BUR_absolute_monarchy;Konbaung Dynasty;;;;;;;;;;;;;x
BYZ_absolute_monarchy;Empire of the Greeks;Empire byzantin;Byzantinisches Reich;;;;;;;;;;;x
BYZ_bourgeois_dictatorship;Greek Federation;;;;;;;;;;;;;x
BYZ_democracy;Great Greece;;;;;;;;;;;;;x
BYZ_fascist_dictatorship;Roman Empire;;;;;;;;;;;;;x
BYZ_hms_government;Greek Empire;;;;;;;;;;;;;x
BYZ_presidential_dictatorship;Great Greece;;;;;;;;;;;;;x
BYZ_proletarian_dictatorship;Union of Red Themes;Union des thËmes rouges;Union der Rotthematiker;;;;;;;;;;;x
BYZ_prussian_constitutionalism;Empire of the Greeks;;;;;;;;;;;;;x
CAL_absolute_monarchy;Empire of California;;;;;;;;;;;;;x
CAL_colonial_company;Las Californias;;;;;;;;;;;;;x
CAL_democracy;California Republic;;;;;;;;;;;;;x
CAL_dominion;California Territory;;;;;;;;;;;;;x
CAL_federal_democracy;California Republic;;;;;;;;;;;;;x
CAL_hms_government;Kingdom of California;Royaume de Californie;Kingdom of California;;;;;;;;;;;x
CAL_prussian_constitutionalism;Empire of California;;;;;;;;;;;;;x
CAN_absolute_monarchy;Canada;;;;;;;;;;;;;x
CAN_colonial_company;Province of Canada;;;;;;;;;;;;;x
CAN_democracy;Republic of Canada;;;;;;;;;;;;;x
CAN_dominion;Dominion of Canada;;;;;;;;;;;;;x
CAN_hms_government;Canada;;;;;;;;;;;;;x
CAN_parliamentary_republic;Canada;;;;;;;;;;;;;x
CAN_prussian_constitutionalism;Canada;;;;;;;;;;;;;x
CAR_absolute_monarchy;Central African Empire;;;;;;;;;;;;;x
CAR_colonial_company;Afrique …quatoriale;;;;;;;;;;;;;x
CAR_fascist_dictatorship;Central African Empire;;;;;;;;;;;;;x
CAR_hms_government;Ubangi-Chari;;;;;;;;;;;;;x
CAR_prussian_constitutionalism;Ubangi-Chari;;;;;;;;;;;;;x
CAT_proletarian_dictatorship;Anarchist Catalonia;;;;;;;;;;;;;x
CGO_proletarian_dictatorship;Peopleís Republic of the Congo;;;;;;;;;;;;;x
CHD_absolute_monarchy;Baguirmi;;;;;;;;;;;;;x
CHD_prussian_constitutionalism;Baguirmi;;;;;;;;;;;;;x
CHE_democracy;Cherokee Nation;;;;;;;;;;;;;x
CHE_dominion;Cherokee Nation;;;;;;;;;;;;;x
CHE_federal_democracy;Cherokee Nation;;;;;;;;;;;;;x
CHI_absolute_monarchy;Empire of China;;;;;;;;;;;;;x
CHI_democracy;Republic of China;;;;;;;;;;;;;x
CHI_hms_government;Chinese Empire;;;;;;;;;;;;;x
CHI_presidential_dictatorship;Beiyang China;;;;;;;;;;;;;x
CHI_proletarian_dictatorship;Peopleís Republic of China;;;;;;;;;;;;;x
CHI_prussian_constitutionalism;Chinese Empire;;;;;;;;;;;;;x
CHL_colonial_company;CapitanÌa General de Chile;;;;;;;;;;;;;x
CHO_absolute_monarchy;Choshu;;;;;;;;;;;;;x
CHO_hms_government;Choshu;;;;;;;;;;;;;x
CHO_prussian_constitutionalism;Choshu;;;;;;;;;;;;;x
CHP_colonial_company;Intendencia de Ciudad Real;;;;;;;;;;;;;x
CHP_democracy;Free State of Chiapas;;;;;;;;;;;;;x
CHP_federal_democracy;Free State of Chiapas;;;;;;;;;;;;;x
CLM_absolute_monarchy;New Granada;;;;;;;;;;;;;x
CLM_fascist_dictatorship;Gran Colombia;;;;;;;;;;;;;x
CLM_hms_government;New Granada;;;;;;;;;;;;;x
CLM_prussian_constitutionalism;New Granada;;;;;;;;;;;;;x
CMR_colonial_company;Kamerun;;;;;;;;;;;;;x
CNG_democracy;Republic of the Congo;;;;;;;;;;;;;x
CNG_hms_government;Congo Free State;;;;;;;;;;;;;x
CNG_presidential_dictatorship;Zaire;ZaÔre;Zaire;;;;;;;;;;;x
CNG_prussian_constitutionalism;Congo Free State;;;;;;;;;;;;;x
COB_absolute_monarchy;Duchy of Saxe-Coburg and Gotha;;;;;;;;;;;;;x
COB_colonial_company;Gau Coburg;;;;;;;;;;;;;x
COB_democracy;Free State of Coburg;;;;;;;;;;;;;x
COB_dominion;Gau Coburg;;;;;;;;;;;;;x
COB_fascist_dictatorship;Coburger Reich;;;;;;;;;;;;;x
COB_federal_democracy;Free State of Coburg;;;;;;;;;;;;;x
COB_hms_government;Duchy of Saxe-Coburg and Gotha;;;;;;;;;;;;;x
COB_parliamentary_republic;Free State of Coburg;;;;;;;;;;;;;x
COB_proletarian_dictatorship;Coburg Soviet Republic;;;;;;;;;;;;;x
COB_prussian_constitutionalism;Duchy of Saxe-Coburg and Gotha;;;;;;;;;;;;;x
COL_colonial_company;Columbia Department;;;;;;;;;;;;;x
COL_democracy;Republic of Columbia;;;;;;;;;;;;;x
COL_dominion;Colony of British Columbia;;;;;;;;;;;;;x
COL_hms_government;British Columbia;;;;;;;;;;;;;x
COL_parliamentary_republic;British Columbia;;;;;;;;;;;;;x
COS_colonial_company;GobernaciÛn de Costa Rica;;;;;;;;;;;;;x
COS_democracy;Republic of Costa Rica;;;;;;;;;;;;;x
COS_federal_democracy;Republic of Costa Rica;;;;;;;;;;;;;x
COS_presidential_dictatorship;Free State of Costa Rica;;;;;;;;;;;;;x
COU_colonial_company;Courland Governorate;;;;;;;;;;;;;x
COU_dominion;Courland Governorate;;;;;;;;;;;;;x
COU_hms_government;Grand Duchy of Courland;;;;;;;;;;;;;x
COU_prussian_constitutionalism;Grand Duchy of Courland;;;;;;;;;;;;;x
COU_absolute_monarchy;Grand Duchy of Courland;;;;;;;;;;;;;x
CPL_absolute_monarchy;Poland;;;;;;;;;;;;;x
CPL_colonial_company;Congress Poland;;;;;;;;;;;;;x
CPL_dominion;Congress Poland;;;;;;;;;;;;;x
CPL_hms_government;Poland;;;;;;;;;;;;;x
CPL_prussian_constitutionalism;Poland;;;;;;;;;;;;;x
CPL_presidential_dictatorship;Provisional National Government;;;;;;;;;;;;;x
POL_presidential_dictatorship;Provisional National Government;;;;;;;;;;;;;x
CRB_absolute_monarchy;Caribbean Federation;;;;;;;;;;;;;x
CRB_colonial_company;Leeward Islands Colony;;;;;;;;;;;;;x
CRB_democracy;Caribbean Federation;;;;;;;;;;;;;x
CRB_dominion;Federal Colony of the Leeward Islands;;;;;;;;;;;;;x
CRB_fascist_dictatorship;Caribbean Empire;;;;;;;;;;;;;x
CRB_hms_government;Leeward Islands;;;;;;;;;;;;;x
CRB_parliamentary_republic;Leeward Islands;;;;;;;;;;;;;x
CRB_proletarian_dictatorship;Caribbean Peopleís Republic;;;;;;;;;;;;;x
CRB_prussian_constitutionalism;Caribbean Federation;;;;;;;;;;;;;x
CSA_absolute_monarchy;Imperial Confederacy;;;;;;;;;;;;;x
CSA_bourgeois_dictatorship;Confederate States of America;…tats confÈdÈrÈs d'AmÈrique;;;;;;;;;;;;x
CSA_democracy;Confederate States of America;…tats confÈdÈrÈs d'AmÈrique;;;;;;;;;;;;x
CSA_fascist_dictatorship;Confederacy;;;;;;;;;;;;;x
CSA_federal_democracy;Confederate States of America;;;;;;;;;;;;;x
CSA_hms_government;Imperial Confederacy;;;;;;;;;;;;;x
CSA_presidential_dictatorship;Confederate States of America;…tats confÈdÈrÈs d'AmÈrique;;;;;;;;;;;;x
CSA_proletarian_dictatorship;Peopleís Confederacy;;;;;;;;;;;;;x
CSA_prussian_constitutionalism;Imperial Confederacy;;;;;;;;;;;;;x
CSA_dominion;Dominion of Georgia;;;;;;;;;;;;;x
CUB_colonial_company;CapitanÌa General de Cuba;;;;;;;;;;;;;x
CUB_democracy;Republic of Cuba;;;;;;;;;;;;;x
CUB_federal_democracy;Republic of Cuba;;;;;;;;;;;;;x
CUB_presidential_dictatorship;Republic of Cuba;;;;;;;;;;;;;x
CUB_proletarian_dictatorship;Republic of Cuba;;;;;;;;;;;;;x
CYR_absolute_monarchy;Senussi;;;;;;;;;;;;;x
CYR_theocracy;Senussi;;;;;;;;;;;;;x
DAG_bourgeois_dictatorship;Dagestan;;;;;;;;;;;;;x
DAG_democracy;Dagestan;;;;;;;;;;;;;x
DAG_fascist_dictatorship;Dagestan;;;;;;;;;;;;;x
DAG_presidential_dictatorship;Dagestan;;;;;;;;;;;;;x
DAG_proletarian_dictatorship;Dagestan;;;;;;;;;;;;;x
DAG_theocracy;Caucasian Imamate;;;;;;;;;;;;;x
DAH_absolute_monarchy;Dahomey;;;;;;;;;;;;;x
DAH_hms_government;Dahomey;;;;;;;;;;;;;x
DAH_proletarian_dictatorship;Peopleís Republic of Benin;;;;;;;;;;;;;x
DAH_prussian_constitutionalism;Dahomey;;;;;;;;;;;;;x
DAI_absolute_monarchy;Dai Nam;;;;;;;;;;;;;x
DAI_colonial_company;Indochine;;;;;;;;;;;;;x
DAI_prussian_constitutionalism;Dai Nam;;;;;;;;;;;;;x
DAK_absolute_monarchy;Dakota;;;;;;;;;;;;;x
DAK_democracy;Republic of Lakotah;;;;;;;;;;;;;x
DAK_dominion;Dakota Territory;;;;;;;;;;;;;x
DAK_federal_democracy;Great Sioux Nation;;;;;;;;;;;;;x
DAK_hms_government;Dakota Commonwealth;;;;;;;;;;;;;x
DAK_prussian_constitutionalism;Dakota Commonwealth;;;;;;;;;;;;;x
DAM_absolute_monarchy;Damagaram Sultanate;;;;;;;;;;;;;x
DAM_bourgeois_dictatorship;Hausaland;Haoussa;Haussaland;;;;;;;;;;;x
DAM_democracy;Hausaland;Haoussa;Haussaland;;;;;;;;;;;x
DAM_fascist_dictatorship;Hausaland;Haoussa;Haussaland;;;;;;;;;;;x
DAM_hms_government;Damagaram Sultanate;;;;;;;;;;;;;x
DAM_presidential_dictatorship;Hausaland;Haoussa;Haussaland;;;;;;;;;;;x
DAM_proletarian_dictatorship;Hausa Republic;Haoussa;Haussaland;;;;;;;;;;;x
DAM_prussian_constitutionalism;Damagaram Sultanate;;;;;;;;;;;;;x
DAR_absolute_monarchy;Darfur Sultanate;;;;;;;;;;;;;x
DAR_hms_government;Darfur Sultanate;;;;;;;;;;;;;x
DAR_prussian_constitutionalism;Darfur Sultanate;;;;;;;;;;;;;x
DES_democracy;State of Deseret;;;;;;;;;;;;;x
DES_dominion;Utah Territory;;;;;;;;;;;;;x
DES_theocracy;State of Deseret;;;;;;;;;;;;;x
DNB_bourgeois_dictatorship;Danubian Republic;;;;;;;;;;;;;x
DNB_fascist_dictatorship;Danubian Republic;;;;;;;;;;;;;x
DNB_presidential_dictatorship;Danubian Republic;;;;;;;;;;;;;x
DNB_proletarian_dictatorship;Danubian Republic;;;;;;;;;;;;;x
DND_bourgeois_dictatorship;Songhai;Songhay;Songhai;;;;;;;;;;;x
DND_democracy;Songhai;Songhay;Songhai;;;;;;;;;;;x
DND_fascist_dictatorship;Dendi Republic;Dendi;Dendi;;;;;;;;;;;x
DND_presidential_dictatorship;Songhai;Songhay;Songhai;;;;;;;;;;;x
DND_proletarian_dictatorship;Songhai Republic;Songhay;Songhai;;;;;;;;;;;x
DOM_absolute_monarchy;Santo Domingo;Santo Domingo;Santo Domingo;;;;;;;;;;;x
DOM_colonial_company;CapitanÌa General de Santo Domingo;;;;;;;;;;;;;x
DOM_democracy;Dominican Republic;;;;;;;;;;;;;x
DOM_federal_democracy;Dominican Republic;;;;;;;;;;;;;x
DOM_hms_government;Santo Domingo;Santo Domingo;Santo Domingo;;;;;;;;;;;x
DOM_presidential_dictatorship;Santo Domingo;;;;;;;;;;;;;x
DOM_prussian_constitutionalism;Santo Domingo;Santo Domingo;Santo Domingo;;;;;;;;;;;x
DON_absolute_monarchy;Cossack Hetmanate;;;;;;;;;;;;;x
DON_fascist_dictatorship;Cossackia;;;;;;;;;;;;;x
DON_hms_government;Cossack Union;;;;;;;;;;;;;x
DON_prussian_constitutionalism;Cossack Hetmanate;;;;;;;;;;;;;x
DRA_absolute_monarchy;Dravidian Empire;;;;;;;;;;;;;x
DRA_fascist_dictatorship;Dravid Nadu;;;;;;;;;;;;;x
DUR_absolute_monarchy;Durrani Empire;;;;;;;;;;;;;x
DUR_fascist_dictatorship;Durrani Republic;;;;;;;;;;;;;x
DUR_hms_government;Durrani Empire;;;;;;;;;;;;;x
DUR_prussian_constitutionalism;Durrani Empire;;;;;;;;;;;;;x
EGY_absolute_monarchy;Sultanate of Egypt;;;;;;;;;;;;;x
EGY_colonial_company;Khedivate of Egypt;;;;;;;;;;;;;x
EGY_democracy;Republic of Egypt;;;;;;;;;;;;;x
EGY_hms_government;Egyptian Kingdom;;;;;;;;;;;;;x
EGY_prussian_constitutionalism;Egyptian Kingdom;;;;;;;;;;;;;x
EIC_absolute_monarchy;Empire of East Indies;;;;;;;;;;;;;x
EIC_hms_government;Empire of East Indies;;;;;;;;;;;;;x
EIC_prussian_constitutionalism;Empire of East Indies;;;;;;;;;;;;;x
ELS_colonial_company;Intendencia de San Salvador;;;;;;;;;;;;;x
ELS_democracy;Republic of El Salvador;;;;;;;;;;;;;x
ELS_federal_democracy;Republic of El Salvador;;;;;;;;;;;;;x
ENG_absolute_monarchy;British Empire;Empire britannique;Britisches Kˆnigreich;;;;;;;;;;;x
ENG_bourgeois_dictatorship;British Commonwealth;;;;;;;;;;;;;x
ENG_democracy;British Commonwealth;;;;;;;;;;;;;x
ENG_fascist_dictatorship;Empire of Britannia;;;;;;;;;;;;;x
ENG_presidential_dictatorship;British Commonwealth;;;;;;;;;;;;;x
ENG_proletarian_dictatorship;Workerís Commonwealth;Commonwealth des ouvriers;The Worker's Commonwealth;;;;;;;;;;;x
ENG_prussian_constitutionalism;British Empire;Empire britannique;Britisches Kˆnigreich;;;;;;;;;;;x
EQG_absolute_monarchy;Moka;;;;;;;;;;;;;x
ETH_absolute_monarchy;Abyssinia;Abyssinia;Abyssinia;;;;;;;;;;;x
ETH_colonial_company;Africa Orientale;;;;;;;;;;;;;x
ETH_prussian_constitutionalism;Abyssinian Empire;Abyssinian Empire;Abyssinian Empire;;;;;;;;;;;x
EZO_democracy;Republic of Ezo;;;;;;;;;;;;;x
EZO_fascist_dictatorship;Shogunate;;;;;;;;;;;;;x
EZO_presidential_dictatorship;Republic of Ezo;;;;;;;;;;;;;x
EZO_proletarian_dictatorship;Peopleís Republic of Ezo;;;;;;;;;;;;;x
FAS_colonial_company;Dominion d'Australie;;;;;;;;;;;;;x
FAS_dominion;Dominion d'Australie;;;;;;;;;;;;;x
FAS_dominion;Dominion d'Australie;;;;;;;;;;;;;x
FCA_colonial_company;Dominion du Canada;;;;;;;;;;;;;x
FCA_dominion;Dominion du Canada;;;;;;;;;;;;;x
FIN_absolute_monarchy;Kingdom of Finland;;;;;;;;;;;;;x
FIN_colonial_company;Grand Duchy of Finland;;;;;;;;;;;;;x
FIN_dominon;Grand Duchy of Finland;;;;;;;;;;;;;x
FIN_hms_government;Kingdom of Finland;;;;;;;;;;;;;x
FIN_proletarian_dictatorship;Red Finland;;;;;;;;;;;;;x
FIN_prussian_constitutionalism;Kingdom of Finland;;;;;;;;;;;;;x
FIU_bourgeois_dictatorship;Carnaro;;;;;;;;;;;;;x
FIU_democracy;Free State of Fiume;ùtat libre de Fiume;Freistaat Fiume;;;;;;;;;;;x
FIU_fascist_dictatorship;Carnaro;;;;;;;;;;;;;x
FIU_presidential_dictatorship;Carnaro;;;;;;;;;;;;;x
FJN_fascist_dictatorship;Min Republic;;;;;;;;;;;;;x
FJN_presidential_dictatorship;Fujian Clique;;;;;;;;;;;;;x
FRA_absolute_monarchy;French Empire;;;;;;;;;;;;;x
FRA_absolute_monarchy2;Kingdom of France;;;;;;;;;;;;;x
FRA_bourgeois_dictatorship;French Republic;;;;;;;;;;;;;x
FRA_democracy;French Republic;;;;;;;;;;;;;x
FRA_fascist_dictatorship;French State;;;;;;;;;;;;;x
FRA_hms_government;French Empire;;;;;;;;;;;;;x
FRA_hms_government2;Kingdom of France;;;;;;;;;;;;;x
FRA_presidential_dictatorship;French Republic;;;;;;;;;;;;;x
FRA_proletarian_dictatorship;Commune of France;;;;;;;;;;;;;x
FRA_prussian_constitutionalism;French Empire;;;;;;;;;;;;;x
FRA_prussian_constitutionalism2;Kingdom of France;;;;;;;;;;;;;x
FLA_colonial_company;Freestate Antwerpen;;;;;;;;;;;;;x
FRM_absolute_monarchy;Duchy of Frankfurt;;;;;;;;;;;;;x
FRM_colonial_company;Kries Frankfurt;;;;;;;;;;;;;x
FRM_democracy;Free City of Frankfurt;;;;;;;;;;;;;x
FRM_dominion;Kries Frankfurt;;;;;;;;;;;;;x
FRM_fascist_dictatorship;Frankfurter Reich;;;;;;;;;;;;;x
FRM_federal_democracy;Free City of Frankfurt;;;;;;;;;;;;;x
FRM_hms_government;Duchy of Frankfurt;;;;;;;;;;;;;x
FRM_parliamentary_republic;Free City of Frankfurt;;;;;;;;;;;;;x
FRM_proletarian_dictatorship;Commune of Frankfurt;;;;;;;;;;;;;x
FRM_prussian_constitutionalism;Duchy of Frankfurt;;;;;;;;;;;;;x
FSA_absolute_monarchy;Free American Empire;;;;;;;;;;;;;x
FSA_proletarian_dictatorship;Free American Republic;;;;;;;;;;;;;x
FSA_prussian_constitutionalism;Free American Empire;;;;;;;;;;;;;x
FSA_dominion;Commonwealth of Virginia;;;;;;;;;;;;;x
GAZ_absolute_monarchy;Gaza Empire;;;;;;;;;;;;;x
GBU_absolute_monarchy;Kaabu Empire;;;;;;;;;;;;;x
GBU_democracy;Guinea-Bissau;;;;;;;;;;;;;x
GCF_absolute_monarchy;German Confederation;;;;;;;;;;;;;x
GCF_fascist_dictatorship;German Reich;;;;;;;;;;;;;x
GCF_hms_government;German Confederation;;;;;;;;;;;;;x
GCF_proletarian_dictatorship;German Peopleís Republic;Der Deutsch Volksrepublik;Der Deutsch Volksrepublik;;;;;;;;;;;x
GCF_prussian_constitutionalism;German Confederation;;;;;;;;;;;;;x
GCO_absolute_monarchy;New Granada;;;;;;;;;;;;;x
GCO_hms_government;New Granada;;;;;;;;;;;;;x
GCO_prussian_constitutionalism;New Granada;;;;;;;;;;;;;x
GCO_colonial_company;Virreinato de la Nueva Granada;;;;;;;;;;;;;x
GEN_absolute_monarchy;Genoa;;;;;;;;;;;;;x
GEN_democracy;Genoa;;;;;;;;;;;;;x
GEN_fascist_dictatorship;Genoa;;;;;;;;;;;;;x
GEN_hms_government;Genoa;;;;;;;;;;;;;x
GEN_presidential_dictatorship;Ligurian Republic;;;;;;;;;;;;;x
GEN_proletarian_dictatorship;Genoa;;;;;;;;;;;;;x
GEN_prussian_constitutionalism;Genoa;;;;;;;;;;;;;x
GER_absolute_monarchy;German Empire;Empire allemand;Deutsches Kaiserreich;;;;;;;;;;;x
GER_bourgeois_dictatorship;Grand German Republic;Empire allemand;Deutsches Kaiserreich;;;;;;;;;;;x
GER_democracy;German Republic;Empire allemand;Deutsches Kaiserreich;;;;;;;;;;;x
GER_hms_government;German Empire;Empire allemand;Deutsches Kaiserreich;;;;;;;;;;;x
GER_prussian_constitutionalism;German Empire;Empire allemand;Deutsches Kaiserreich;;;;;;;;;;;x
GNG_presidential_dictatorship;Guangdong Clique;;;;;;;;;;;;;x
GRN_absolute_monarchy;County of Greenland;;;;;;;;;;;;;x
GRN_colonial_company;Kongelige Gr¯nlandske Handel;;;;;;;;;;;;;x
GRN_democracy;Kalaallit Nunaat;;;;;;;;;;;;;x
GRN_dominion;Colony of Greenland;;;;;;;;;;;;;x
GRN_federal_democracy;Kalaallit Nunaat;;;;;;;;;;;;;x
GRN_hms_government;County of Greenland;;;;;;;;;;;;;x
GRN_prussian_constitutionalism;County of Greenland;;;;;;;;;;;;;x
GUA_colonial_company;CapitanÌa General de Guatemala;;;;;;;;;;;;;x
GUA_democracy;Republic of Guatemala;;;;;;;;;;;;;x
GUA_federal_democracy;Republic of Guatemala;;;;;;;;;;;;;x
GXI_presidential_dictatorship;Guangxi Clique;Clique de Guangxi;Guangxi-Clique;;;;;;;;;;;x
HAI_absolute_monarchy;Empire of Haiti;;;;;;;;;;;;;x
HAI_colonial_company;Colonie de Saint-Domingue;;;;;;;;;;;;;x
HAI_democracy;Republic of Haiti;;;;;;;;;;;;;x
HAI_dominion;Colony of Saint-Domingue;;;;;;;;;;;;;x
HAI_federal_democracy;State of Haiti;;;;;;;;;;;;;x
HAI_hms_government;Kingdom of Haiti;;;;;;;;;;;;;x
HAI_presidential_dictatorship;Republic of Haiti;;;;;;;;;;;;;x
HAI_prussian_constitutionalism;Kingdom of Haiti;;;;;;;;;;;;;x
HAL_absolute_monarchy;Emirate of Jabal Shammar;;;;;;;;;;;;;x
HAL_hms_government;Emirate of Jabal Shammar;;;;;;;;;;;;;x
HAL_prussian_constitutionalism;Emirate of Jabal Shammar;;;;;;;;;;;;;x
HAM_absolute_monarchy;Duchy of Hamburg;;;;;;;;;;;;;x
HAM_colonial_company;Kreis Hamburg;;;;;;;;;;;;;x
HAM_democracy;Free Hanseatic City of Hamburg;;;;;;;;;;;;;x
HAM_dominion;Kreis Hamburg;;;;;;;;;;;;;x
HAM_fascist_dictatorship;Hamburger Reich;;;;;;;;;;;;;x
HAM_federal_democracy;Free Hanseatic City of Hamburg;;;;;;;;;;;;;x
HAM_hms_government;Duchy of Hamburg;;;;;;;;;;;;;x
HAM_parliamentary_republic;Free Hanseatic City of Hamburg;;;;;;;;;;;;;x
HAM_proletarian_dictatorship;Commune of Hamburg;;;;;;;;;;;;;x
HAM_prussian_constitutionalism;Duchy of Hamburg;;;;;;;;;;;;;x
HAN_absolute_monarchy;Kingdom of Hanover;;;;;;;;;;;;;x
HAN_colonial_company;Kingdom of Hanover;;;;;;;;;;;;;x
HAN_democracy;Free State of Hanover;;;;;;;;;;;;;x
HAN_dominion;Kingdom of Hanover;;;;;;;;;;;;;x
HAN_fascist_dictatorship;Hanoverisch Reich;;;;;;;;;;;;;x
HAN_federal_democracy;Free State of Hanover;;;;;;;;;;;;;x
HAN_hms_government;Kingdom of Hanover;;;;;;;;;;;;;x
HAN_parliamentary_republic;Free State of Hanover;;;;;;;;;;;;;x
HAN_proletarian_dictatorship;Hanoverisch Democratic Republic;;;;;;;;;;;;;x
HAN_prussian_constitutionalism;Kingdom of Hanover;;;;;;;;;;;;;x
HDJ_absolute_monarchy;Kingdom of Hejaz;;;;;;;;;;;;;x
HDJ_colonial_company;Sharifate of Mecca;;;;;;;;;;;;;x
HDJ_dominion;Sharifate of Mecca;;;;;;;;;;;;;x
HDJ_hms_government;Kingdom of Hejaz;;;;;;;;;;;;;x
HDJ_prussian_constitutionalism;Kingdom of Hejaz;;;;;;;;;;;;;x
HEH_absolute_monarchy;Landgraviate of Hesse-Homburg;;;;;;;;;;;;;x
HEH_colonial_company;Kries Homburg;;;;;;;;;;;;;x
HEH_democracy;Peopleís State of Homburg;;;;;;;;;;;;;x
HEH_dominion;Kries Homburg;;;;;;;;;;;;;x
HEH_fascist_dictatorship;Homburger Reich;;;;;;;;;;;;;x
HEH_federal_democracy;Peopleís State of Homburg;;;;;;;;;;;;;x
HEH_hms_government;Landgraviate of Hesse-Homburg;;;;;;;;;;;;;x
HEH_parliamentary_republic;Peopleís State of Homburg;;;;;;;;;;;;;x
HEH_proletarian_dictatorship;Peopleís Republic of Homburg;;;;;;;;;;;;;x
HEH_prussian_constitutionalism;Landgraviate of Hesse-Homburg;;;;;;;;;;;;;x
HEK_absolute_monarchy;Electorate of Hesse;;;;;;;;;;;;;x
HEK_colonial_company;Land Kassel;;;;;;;;;;;;;x
HEK_democracy;Peopleís State of Kassel;;;;;;;;;;;;;x
HEK_dominion;Land Kassel;;;;;;;;;;;;;x
HEK_fascist_dictatorship;Kasseler Reich;;;;;;;;;;;;;x
HEK_federal_democracy;Peopleís State of Kassel;;;;;;;;;;;;;x
HEK_hms_government;Electorate of Hesse;;;;;;;;;;;;;x
HEK_parliamentary_republic;Peopleís State of Kassel;;;;;;;;;;;;;x
HEK_proletarian_dictatorship;Peopleís Republic of Kassel;;;;;;;;;;;;;x
HEK_prussian_constitutionalism;Electorate of Hesse;;;;;;;;;;;;;x
HES_absolute_monarchy;Grand Duchy of Hesse and by Rhine;;;;;;;;;;;;;x
HES_colonial_company;Land Hessen;;;;;;;;;;;;;x
HES_democracy;Peopleís State of Hesse;;;;;;;;;;;;;x
HES_dominion;Land Hessen;;;;;;;;;;;;;x
HES_fascist_dictatorship;Darmst‰dter Reich;;;;;;;;;;;;;x
HES_federal_democracy;Peopleís State of Hesse;;;;;;;;;;;;;x
HES_hms_government;Grand Duchy of Hesse and by Rhine;;;;;;;;;;;;;x
HES_parliamentary_republic;Peopleís State of Hesse;;;;;;;;;;;;;x
HES_proletarian_dictatorship;Peopleís Republic of Hesse;;;;;;;;;;;;;x
HES_prussian_constitutionalism;Grand Duchy of Hesse and by Rhine;;;;;;;;;;;;;x
HND_absolute_monarchy;Hindustani Empire;Hindustani Empire;Hindustani Empire;;;;;;;;;;;x
HND_absolute_monarchy_2;East Indian Company;Hindustani Empire;Hindustani Empire;;;;;;;;;;;x
HND_absolute_monarchy_3;Raj;Hindustani Empire;Hindustani Empire;;;;;;;;;;;x
HND_colonial_company;Raj;;;;;;;;;;;;;x
HND_eng_dominon;Dominion of India;;;;;;;;;;;;;x
HND_fascist_dictatorship;Hindustan;Hindustan;Hindustan;;;;;;;;;;;x
HND_hms_government;Hindustani Empire;Hindustani Empire;Hindustani Empire;;;;;;;;;;;x
HND_hms_government_2;East Indian Company;Hindustani Empire;Hindustani Empire;;;;;;;;;;;x
HND_hms_government_3;Raj;Hindustani Empire;Hindustani Empire;;;;;;;;;;;x
HND_prussian_constitutionalism;Hindustani Empire;Hindustani Empire;Hindustani Empire;;;;;;;;;;;x
HND_prussian_constitutionalism_2;East Indian Company;Hindustani Empire;Hindustani Empire;;;;;;;;;;;x
HND_prussian_constitutionalism_3;Raj;Hindustani Empire;Hindustani Empire;;;;;;;;;;;x
HNN_presidential_dictatorship;Hunan Clique;;;;;;;;;;;;;x
HNS_absolute_monarchy;Free Hanseatic Cities;;;;;;;;;;;;;x
HNS_democracy;Hanseatic League;;;;;;;;;;;;;x
HNS_fascist_dictatorship;Hanseatic State;;;;;;;;;;;;;x
HNS_hms_government;Free Hanseatic Cities;;;;;;;;;;;;;x
HNS_presidential_dictatorship;Hanseatic League;;;;;;;;;;;;;x
HNS_proletarian_dictatorship;Hanseatic Free Republic;;;;;;;;;;;;;x
HNS_prussian_constitutionalism;Free Hanseatic Cities;;;;;;;;;;;;;x
HOH_absolute_monarchy;Principality of Hohenzollern-Hechingen;;;;;;;;;;;;;x
HOH_colonial_company;Kries Hechingen;;;;;;;;;;;;;x
HOH_democracy;Free State of Hechingen;;;;;;;;;;;;;x
HOH_dominion;Kries Hechingen;;;;;;;;;;;;;x
HOH_fascist_dictatorship;Hecnhingener Reich;;;;;;;;;;;;;x
HOH_federal_democracy;Free State of Hechingen;;;;;;;;;;;;;x
HOH_hms_government;Principality of Hohenzollern-Hechingen;;;;;;;;;;;;;x
HOH_parliamentary_republic;Free State of Hechingen;;;;;;;;;;;;;x
HOH_proletarian_dictatorship;Hechingener Democratic Republic;;;;;;;;;;;;;x
HOH_prussian_constitutionalism;Principality of Hohenzollern-Hechingen;;;;;;;;;;;;;x
HOL_absolute_monarchy;Duchy of Holstein;;;;;;;;;;;;;x
HOL_colonial_company;Hertugd¯mmet Holsten;;;;;;;;;;;;;x
HOL_democracy;Free State of Holstein;;;;;;;;;;;;;x
HOL_dominion;Hertugd¯mmet Holsten;;;;;;;;;;;;;x
HOL_fascist_dictatorship;Holsteiner Reich;;;;;;;;;;;;;x
HOL_federal_democracy;Free State of Holstein;;;;;;;;;;;;;x
HOL_hms_government;Duchy of Holstein;;;;;;;;;;;;;x
HOL_parliamentary_republic;Free State of Holstein;;;;;;;;;;;;;x
HOL_proletarian_dictatorship;Holsteiner Democratic Republic;;;;;;;;;;;;;x
HOL_prussian_constitutionalism;Duchy of Holstein;;;;;;;;;;;;;x
HON_colonial_company;Intendencia de Comayagua;;;;;;;;;;;;;x
HON_democracy;Republic of Honduras;;;;;;;;;;;;;x
HON_federal_democracy;Republic of Honduras;;;;;;;;;;;;;x
HUI_presidential_dictatorship;Anhui Clique;;;;;;;;;;;;;x
IBR_absolute_monarchy;Iberian Empire;;;;;;;;;;;;;x
IBR_bourgeois_dictatorship;Iberian Union;;;;;;;;;;;;;x
IBR_democracy;Iberian Federation;;;;;;;;;;;;;x
IBR_fascist_dictatorship;Iberian Empire;;;;;;;;;;;;;x
IBR_hms_government;Iberian Empire;;;;;;;;;;;;;x
IBR_presidential_dictatorship;Iberian Union;;;;;;;;;;;;;x
IBR_proletarian_dictatorship;Iberian Workerís Union;;;;;;;;;;;;;x
IBR_prussian_constitutionalism;Iberian Empire;;;;;;;;;;;;;x
LTU_bourgeois_dictatorship;Latin Republic;;;;;;;;;;;;;x
LTU_democracy;Latin Confederation;;;;;;;;;;;;;x
LTU_fascist_dictatorship;Latin State;;;;;;;;;;;;;x
LTU_presidential_dictatorship;Latin Republic;;;;;;;;;;;;;x
LTU_proletarian_dictatorship;Union of Latin Socialist Republics;;;;;;;;;;;;;x
LTU_absolute_monarchy;Latin Empire;;;;;;;;;;;;;x
LTU_prussian_constitutionalism;Latin Empire;;;;;;;;;;;;;x
LTU_hms_government;Latin Empire;;;;;;;;;;;;;x
IDO_absolute_monarchy;Indochina;;;;;;;;;;;;;x
IDO_democracy;Indochina;;;;;;;;;;;;;x
IDO_fascist_dictatorship;United Indochinese States;;;;;;;;;;;;;x
IDO_hms_government;Indochina;;;;;;;;;;;;;x
IDO_presidential_dictatorship;Indochina;;;;;;;;;;;;;x
IDO_proletarian_dictatorship;Indochinese Populist Union;;;;;;;;;;;;;x
IDO_prussian_constitutionalism;Indochina;;;;;;;;;;;;;x
IMG_colonial_company;Nei Menggu;;;;;;;;;;;;;x
INO_colonial_company;Oost-Indie;;;;;;;;;;;;;x
ION_democracy;Septinsular Republic;;;;;;;;;;;;;x
IOT_absolute_monarchy;British Indian Ocean Territory;;;;;;;;;;;;;x
IOT_colonial_company;British Indian Ocean Territory;;;;;;;;;;;;;x
IOT_dominion;British Indian Ocean Territory;;;;;;;;;;;;;x
IOT_hms_government;British Indian Ocean Territory;;;;;;;;;;;;;x
IOT_prussian_constitutionalism;British Indian Ocean Territory;;;;;;;;;;;;;x
IRE_colonial_company;Irish Dominion;;;;;;;;;;;;;x
IRE_dominion;Irish Free State;;;;;;;;;;;;;x
IRE_fascist_dictatorship;Eire;;;;;;;;;;;;;x
IRQ_absolute_monarchy;Mesopotamia;;;;;;;;;;;;;x
IRQ_hms_government;Iraq;;;;;;;;;;;;;x
IRQ_prussian_constitutionalism;Iraq;;;;;;;;;;;;;x
ITA_absolute_monarchy;Kingdom of Italy;;;;;;;;;;;;;x
ITA_democracy;Italian Republic;;;;;;;;;;;;;x
ITA_fascist_dictatorship;Italian Social Republic;;;;;;;;;;;;;x
ITA_hms_government;Kingdom of Italy;;;;;;;;;;;;;x
ITA_proletarian_dictatorship;Peopleís Republic of Italy;;;;;;;;;;;;;x
ITA_prussian_constitutionalism;Kingdom of Italy;;;;;;;;;;;;;x
ITA_theocracy;Papal Kingdom;;;;;;;;;;;;;x
ITP_absolute_monarchy;Pontifical Italy;;;;;;;;;;;;;x
ITP_democracy;Italy;;;;;;;;;;;;;x
ITP_fascist_dictatorship;Roman Socialist Republic;;;;;;;;;;;;;x
ITP_hms_government;Italy;;;;;;;;;;;;;x
ITP_presidential_dictatorship;Italy;;;;;;;;;;;;;x
ITP_proletarian_dictatorship;Roman Peopleís Republic;;;;;;;;;;;;;x
ITP_prussian_constitutionalism;Italian Confederation;;;;;;;;;;;;;x
ITP_theocracy;Pontifical Italy;;;;;;;;;;;;;x
ITS_absolute_monarchy;Italian Empire;;;;;;;;;;;;;x
ITS_democracy;Italian Federation;;;;;;;;;;;;;x
ITS_fascist_dictatorship;Italian State;;;;;;;;;;;;;x
ITS_hms_government;Italian Empire;;;;;;;;;;;;;x
ITS_proletarian_dictatorship;Peopleís Union of Italy;;;;;;;;;;;;;x
ITS_prussian_constitutionalism;Italian Empire;;;;;;;;;;;;;x
ITS_theocracy;Italian Federation;;;;;;;;;;;;;x
IVC_colonial_company;Cote díIvoire;;;;;;;;;;;;;x
IVC_dominion;Cote díIvoire;;;;;;;;;;;;;x
JAM_colonial_company;Jamaica Colony;;;;;;;;;;;;;x
JAM_dominion;Jamaica and Dependencies;;;;;;;;;;;;;x
JAM_hms_government;Jamaica;;;;;;;;;;;;;x
JAM_parliamentary_republic;Jamaica;;;;;;;;;;;;;x
JAN_fascist_dictatorship;Polar Shadow Government;;;;;;;;;;;;;x
JAP_absolute_monarchy;Imperial Japan;;;;;;;;;;;;;x
JAP_hms_government;Empire of Japan;;;;;;;;;;;;;x
JAP_prussian_constitutionalism;Imperial Japan;;;;;;;;;;;;;x
JAV_absolute_monarchy;Mataram Sultanate;;;;;;;;;;;;;x
JAV_hms_government;Mataram Sultanate;;;;;;;;;;;;;x
JAV_prussian_constitutionalism;Mataram Sultanate;;;;;;;;;;;;;x
KAG_absolute_monarchy;Kaga;;;;;;;;;;;;;x
KAG_hms_government;Kaga;;;;;;;;;;;;;x
KAG_prussian_constitutionalism;Kaga;;;;;;;;;;;;;x
KAM_bourgeois_dictatorship;Far Eastern Republic;;;;;;;;;;;;;x
KAM_presidential_dictatorship;Far Eastern Republic;;;;;;;;;;;;;x
KAM_proletarian_dictatorship;Far Eastern Republic;;;;;;;;;;;;;x
KAZ_absolute_monarchy;Greater Juz;;;;;;;;;;;;;x
KBO_absolute_monarchy;Bornu Empire;;;;;;;;;;;;;x
KBO_hms_government;Bornu;;;;;;;;;;;;;x
KBO_prussian_constitutionalism;Bornu Empire;;;;;;;;;;;;;x
KHI_absolute_monarchy;Khiva;;;;;;;;;;;;;x
KHI_bourgeois_dictatorship;Khwarazm;;;;;;;;;;;;;x
KHI_democracy;Khwarazm;;;;;;;;;;;;;x
KHI_fascist_dictatorship;Khwarazm;;;;;;;;;;;;;x
KHI_presidential_dictatorship;Khwarazm;;;;;;;;;;;;;x
KHI_proletarian_dictatorship;Khwarazm;;;;;;;;;;;;;x
KHR_absolute_monarchy;Khorasan;Khorasan;Khorasan;;;;;;;;;;;x
KHR_bourgeois_dictatorship;Khorasan Republic;Khorasan Republic;Khorasan Republic;;;;;;;;;;;x
KHR_democracy;Khorasan;Khorasan;Khorasan;;;;;;;;;;;x
KHR_fascist_dictatorship;Khorasani State;Khorasani State;Khorasani State;;;;;;;;;;;x
KHR_hms_government;Khorasan;Khorasan;Khorasan;;;;;;;;;;;x
KHR_presidential_dictatorship;Khorasan Republic;Khorasan Republic;Khorasan Republic;;;;;;;;;;;x
KHR_proletarian_dictatorship;Khorasan Republic;Khorasan Republic;Khorasan Republic;;;;;;;;;;;x
KHR_prussian_constitutionalism;Khorasan;Khorasan;Khorasan;;;;;;;;;;;x
KHZ_absolute_monarchy;Arabistan;Arabistan;Arabistan;;;;;;;;;;;x
KHZ_bourgeois_dictatorship;Arabistan;Arabistan;Arabistan;;;;;;;;;;;x
KHZ_democracy;Arabistan;Arabistan;Arabistan;;;;;;;;;;;x
KHZ_fascist_dictatorship;Arabistan;Arabistan;Arabistan;;;;;;;;;;;x
KHZ_hms_government;Arabistan;Arabistan;Arabistan;;;;;;;;;;;x
KHZ_presidential_dictatorship;Arabistan;Arabistan;Arabistan;;;;;;;;;;;x
KHZ_proletarian_dictatorship;Arabistan;Arabistan;Arabistan;;;;;;;;;;;x
KHZ_prussian_constitutionalism;Arabistan;Arabistan;Arabistan;;;;;;;;;;;x
KLM_absolute_monarchy;Bandjar;;;;;;;;;;;;;x
KLM_hms_government;Bandjar;;;;;;;;;;;;;x
KLM_prussian_constitutionalism;Bandjar;;;;;;;;;;;;;x
KMK_fascist_dictatorship;Kalmyk Khanate;;;;;;;;;;;;;x
KMK_proletarian_dictatorship;Kalmyk Republic;;;;;;;;;;;;;x
KML_bourgeois_dictatorship;Kumul;;;;;;;;;;;;;x
KML_democracy;Kumul Republic;;;;;;;;;;;;;x
KML_proletarian_dictatorship;Peopleís Republic of Kumul;;;;;;;;;;;;;x
KMT_absolute_monarchy;China;;;;;;;;;;;;;x
KMT_democracy;Republic of China;;;;;;;;;;;;;x
KMT_fascist_dictatorship;National Protection Alliance;;;;;;;;;;;;;x
KMT_presidential_dictatorship;Republic of China;;;;;;;;;;;;;x
KMT_proletarian_dictatorship;Socialist Republic of China;;;;;;;;;;;;;x
KNY_colonial_company;East Africa;;;;;;;;;;;;;x
KNY_dominion;Dominion of East Africa;;;;;;;;;;;;;x
KOK_absolute_monarchy;Kokand;;;;;;;;;;;;;x
KOK_bourgeois_dictatorship;Kirghizia;;;;;;;;;;;;;x
KOK_democracy;Kyrgyzstan;;;;;;;;;;;;;x
KOK_fascist_dictatorship;Kirghizia;;;;;;;;;;;;;x
KOK_presidential_dictatorship;Kyrgyzstan;;;;;;;;;;;;;x
KOK_proletarian_dictatorship;Kirghizia;;;;;;;;;;;;;x
KOR_absolute_monarchy;Kingdom of Joseon;;;;;;;;;;;;;x
KOR_colonial_company;Chosen;;;;;;;;;;;;;x
KOR_democracy;Republic of Korea;;;;;;;;;;;;;x
KOR_dominion;Chosen;;;;;;;;;;;;;x
KOR_proletarian_dictatorship;DPRK;;;;;;;;;;;;;x
KPB_absolute_monarchy;Kingdom of Portugal-Brazil;Kingdom of Portugal-Brazil;Kingdom of Portugal-Brazil;;;;;;;;;;;x
KPB_bourgeois_dictatorship;Republic of Lusitania;Republic of Lusitania;Republic of Lusitania;;;;;;;;;;;x
KPB_democracy;Republic of Lusitania;Republic of Lusitania;Republic of Lusitania;;;;;;;;;;;x
KPB_fascist_dictatorship;Great Luso Union;Great Luso Union;Great Luso Union;;;;;;;;;;;x
KPB_hms_government;Kingdom of Portugal-Brazil;Kingdom of Portugal-Brazil;Kingdom of Portugal-Brazil;;;;;;;;;;;x
KPB_presidential_dictatorship;Republic of Lusitania;Republic of Lusitania;Republic of Lusitania;;;;;;;;;;;x
KPB_proletarian_dictatorship;Socialist Union of Portugal-Brazil;Socialist Union of Portugal-Brazil;Socialist Union of Portugal-Brazil;;;;;;;;;;;x
KPB_prussian_constitutionalism;Kingdom of Portugal-Brazil;Kingdom of Portugal-Brazil;Kingdom of Portugal-Brazil;;;;;;;;;;;x
KRN_bourgeois_dictatorship;Tamil Nadu;;;;;;;;;;;;;x
KRN_democracy;Tamil Nadu;;;;;;;;;;;;;x
KRN_fascist_dictatorship;Tamil Nadu;;;;;;;;;;;;;x
KRN_proletarian_dictatorship;Republic of the Carnatic;;;;;;;;;;;;;x
KRO_absolute_monarchy;Kˆnigreich Kronprinz;;;;;;;;;;;;;x
KRO_bourgeois_dictatorship;Kronprinzliche Republic;;;;;;;;;;;;;x
KRO_colonial_company;Kronprinzinsel Colonie;;;;;;;;;;;;;x
KRO_democracy;Kronprinzliche Republic;;;;;;;;;;;;;x
KRO_dominion;Kronprinzinsel Colonie;;;;;;;;;;;;;x
KRO_fascist_dictatorship;Kronprinzliches Reich;;;;;;;;;;;;;x
KRO_hms_government;Kˆnigreich Kronprinz;;;;;;;;;;;;;x
KRO_proletarian_dictatorship;Kronprinzliche Volksrepublic;;;;;;;;;;;;;x
KRO_prussian_constitutionalism;Kˆnigreich Kronprinz;;;;;;;;;;;;;x
KUK_democracy;Austro-Hungarian Confederation;;;;;;;;;;;;;x
LAU_absolute_monarchy;Duchy of Saxe-Lauenburg;;;;;;;;;;;;;x
LAU_colonial_company;Hertugd¯mmet Sakska-Lauenborg;;;;;;;;;;;;;x
LAU_democracy;Free State of Launeburg;;;;;;;;;;;;;x
LAU_dominion;Hertugd¯mmet Sakska-Lauenborg;;;;;;;;;;;;;x
LAU_fascist_dictatorship;Lauenberger Reich;;;;;;;;;;;;;x
LAU_federal_democracy;Free State of Launeburg;;;;;;;;;;;;;x
LAU_hms_government;Duchy of Saxe-Lauenburg;;;;;;;;;;;;;x
LAU_parliamentary_republic;Free State of Launeburg;;;;;;;;;;;;;x
LAU_proletarian_dictatorship;Lauenberger Democratic Republic;;;;;;;;;;;;;x
LAU_prussian_constitutionalism;Duchy of Saxe-Lauenburg;;;;;;;;;;;;;x
LBG_absolute_monarchy;Duchy of Limburg;;;;;;;;;;;;;x
LBG_colonial_company;Hertogdom Limburg;;;;;;;;;;;;;x
LBG_democracy;Republic of Limburg;;;;;;;;;;;;;x
LBG_dominion;Hertogdom Limburg;;;;;;;;;;;;;x
LBG_fascist_dictatorship;Limburger Rijk;;;;;;;;;;;;;x
LBG_federal_democracy;Republic of Limburg;;;;;;;;;;;;;x
LBG_hms_government;Duchy of Limburg;;;;;;;;;;;;;x
LBG_parliamentary_republic;Republic of Limburg;;;;;;;;;;;;;x
LBG_proletarian_dictatorship;Democratic Republic of Limburg;;;;;;;;;;;;;x
LBG_prussian_constitutionalism;Duchy of Limburg;;;;;;;;;;;;;x
LBY_colonial_company;Libia;;;;;;;;;;;;;x
LEG_absolute_monarchy;Tianjin;;;;;;;;;;;;;x
LEG_colonial_company;Tientsin Concessions;;;;;;;;;;;;;x
LEG_democracy;Legation Cities;;;;;;;;;;;;;x
LEG_dominion;Tientsin Concessions;;;;;;;;;;;;;x
LEG_hms_government;Orient;;;;;;;;;;;;;x
LEG_presidential_dictatorship;Legation Cities;;;;;;;;;;;;;x
LIB_colonial_company;American Colonization Society;;;;;;;;;;;;;x
LIE_absolute_monarchy;Principality of Liechtenstein;;;;;;;;;;;;;x
LIE_colonial_company;Kreis Liechtenstein;;;;;;;;;;;;;x
LIE_democracy;Republic of Liechtenstein;;;;;;;;;;;;;x
LIE_dominion;Kreis Liechtenstein;;;;;;;;;;;;;x
LIE_fascist_dictatorship;Liechtensteiner Reich;;;;;;;;;;;;;x
LIE_federal_democracy;Republic of Liechtenstein;;;;;;;;;;;;;x
LIE_hms_government;Principality of Liechtenstein;;;;;;;;;;;;;x
LIE_parliamentary_republic;Republic of Liechtenstein;;;;;;;;;;;;;x
LIE_proletarian_dictatorship;Liechtenstein Soviet Republic;;;;;;;;;;;;;x
LIE_prussian_constitutionalism;Principality of Liechtenstein;;;;;;;;;;;;;x
LIP_absolute_monarchy;Principality of Lippe;;;;;;;;;;;;;x
LIP_colonial_company;Gau Lippe;;;;;;;;;;;;;x
LIP_democracy;Free State of Lippe;;;;;;;;;;;;;x
LIP_dominion;Gau Lippe;;;;;;;;;;;;;x
LIP_fascist_dictatorship;Detmolder Reich;;;;;;;;;;;;;x
LIP_federal_democracy;Free State of Lippe;;;;;;;;;;;;;x
LIP_hms_government;Principality of Lippe;;;;;;;;;;;;;x
LIP_parliamentary_republic;Free State of Lippe;;;;;;;;;;;;;x
LIP_proletarian_dictatorship;Detmolder Democratic Republic;;;;;;;;;;;;;x
LIP_prussian_constitutionalism;Principality of Lippe;;;;;;;;;;;;;x
LIV_colonial_company;Livland Governorate;;;;;;;;;;;;;x
LIV_dominion;Livland Governorate;;;;;;;;;;;;;x
LIV_hms_government;Grand Duchy of Livonia;;;;;;;;;;;;;x
LIV_prussian_constitutionalism;Grand Duchy of Livonia;;;;;;;;;;;;;x
LIV_absolute_monarchy;Grand Duchy of Livonia;;;;;;;;;;;;;x
LOM_colonial_company;Lombardo-Venetien;;;;;;;;;;;;;x
LOM_democracy;Provisional Government of Milan;;;;;;;;;;;;;x
LOM_dominion;Lombardo-Venetien;;;;;;;;;;;;;x
LOM_presidential_dictatorship;Provisional Government of Milan;;;;;;;;;;;;;x
LOR_fascist_dictatorship;Lotharingia;;;;;;;;;;;;;x
LOS_colonial_company;Corregimiento de Quezaltenango;;;;;;;;;;;;;x
LOS_democracy;State of Los Altos;;;;;;;;;;;;;x
LOS_federal_democracy;State of Los Altos;;;;;;;;;;;;;x
LPL_colonial_company;Virreinato del RÌo de la Plata;;;;;;;;;;;;;x
LSK_colonial_company;Amerikanskaya Kompaniya;;;;;;;;;;;;;x
LSK_democracy;Republic of Alaska;;;;;;;;;;;;;x
LSK_dominion;Russian America;;;;;;;;;;;;;x
LSK_federal_democracy;Republic of Alaska;;;;;;;;;;;;;x
LUB_absolute_monarchy;Duchy of L¸beck;;;;;;;;;;;;;x
LUB_colonial_company;Kreis Lippe;;;;;;;;;;;;;x
LUB_democracy;Free Hanseatic City of L¸beck;;;;;;;;;;;;;x
LUB_dominion;Kreis Lippe;;;;;;;;;;;;;x
LUB_fascist_dictatorship;L¸becker Reich;;;;;;;;;;;;;x
LUB_federal_democracy;Free Hanseatic City of L¸beck;;;;;;;;;;;;;x
LUB_hms_government;Duchy of L¸beck;;;;;;;;;;;;;x
LUB_parliamentary_republic;Free Hanseatic City of L¸beck;;;;;;;;;;;;;x
LUB_proletarian_dictatorship;Commune of L¸beck;;;;;;;;;;;;;x
LUB_prussian_constitutionalism;Duchy of L¸beck;;;;;;;;;;;;;x
LUX_absolute_monarchy;Grand Duchy of Luxembourg;;;;;;;;;;;;;x
LUX_colonial_company;Groothertogdom Luxemburg;;;;;;;;;;;;;x
LUX_democracy;Free State of Luxembourg;;;;;;;;;;;;;x
LUX_dominion;Groothertogdom Luxemburg;;;;;;;;;;;;;x
LUX_fascist_dictatorship;Luxemburger Reich;;;;;;;;;;;;;x
LUX_federal_democracy;Free State of Luxembourg;;;;;;;;;;;;;x
LUX_hms_government;Grand Duchy of Luxembourg;;;;;;;;;;;;;x
LUX_parliamentary_republic;Free State of Luxembourg;;;;;;;;;;;;;x
LUX_proletarian_dictatorship;Commune of Luxembourg;;;;;;;;;;;;;x
LUX_prussian_constitutionalism;Grand Duchy of Luxembourg;;;;;;;;;;;;;x
LXA_absolute_monarchy;Lan Xang;;;;;;;;;;;;;x
LXA_democracy;Laos;;;;;;;;;;;;;x
LXA_proletarian_dictatorship;Lao Peopleís Republic;;;;;;;;;;;;;x
MAD_absolute_monarchy;Imerina;;;;;;;;;;;;;x
MAD_colonial_company;Protectorat de Madagascar;;;;;;;;;;;;;x
MAD_prussian_constitutionalism;Imerina;;;;;;;;;;;;;x
MAF_absolute_monarchy;Freistaat Mittelafrika;;;;;;;;;;;;;x
MAF_colonial_company;Freistaat Mittelafrika;;;;;;;;;;;;;x
MAF_democracy;Central African Federation;;;;;;;;;;;;;x
MAF_dominion;Freistaat Mittelafrika;;;;;;;;;;;;;x
MAF_hms_government;Freistaat Mittelafrika;;;;;;;;;;;;;x
MAF_prussian_constitutionalism;Freistaat Mittelafrika;;;;;;;;;;;;;x
MAL_absolute_monarchy;Tidore Sultanate;;;;;;;;;;;;;x
MAL_hms_government;Tidore Sultanate;;;;;;;;;;;;;x
MAL_prussian_constitutionalism;Tidore Sultanate;;;;;;;;;;;;;x
MAN_absolute_monarchy;New Kingdom of York;;;;;;;;;;;;;x
MAN_bourgeois_dictatorship;Most Serene Republic of New York and Long Island;;;;;;;;;;;;;x
MAN_fascist_dictatorship;New York State;;;;;;;;;;;;;x
MAN_hms_government;New Kingdom of York;;;;;;;;;;;;;x
MAN_presidential_dictatorship;New York;;;;;;;;;;;;;x
MAN_proletarian_dictatorship;Manhattan Commune;;;;;;;;;;;;;x
MAN_prussian_constitutionalism;New Kingdom of York;;;;;;;;;;;;;x
MAS_absolute_monarchy;Massina Empire;;;;;;;;;;;;;x
MAT_absolute_monarchy;Ndebele Kingdom;Matabele;Matabele;;;;;;;;;;;x
MYA_absolute_monarchy;Maya Empire;;;;;;;;;;;;;x
MYA_democracy;Itza Maya;;;;;;;;;;;;;x
MYA_federal_democracy;Itza Maya;;;;;;;;;;;;;x
MYA_hms_government;Maya Empire;;;;;;;;;;;;;x
MYA_prussian_constitutionalism;Maya Empire;;;;;;;;;;;;;x
MYA_theocracy;State of the Cross;;;;;;;;;;;;;x
MCK_absolute_monarchy;Manchuria;Manchukuo;Manchukuo;;;;;;;;;;;x
MCK_colonial_company;Guandong;;;;;;;;;;;;;x
MCK_fascist_dictatorship;Manzhouguo;Manchukuo;Manchukuo;;;;;;;;;;;x
MCK_hms_government;Manchuria;Manchukuo;Manchukuo;;;;;;;;;;;x
MCK_presidential_dictatorship;Fengtian Clique;;;;;;;;;;;;;x
MCK_prussian_constitutionalism;Manchuria;Manchukuo;Manchukuo;;;;;;;;;;;x
MEC_absolute_monarchy;Grand Duchy of Mecklenburg-Schwerin;;;;;;;;;;;;;x
MEC_colonial_company;Land Mecklenburg;;;;;;;;;;;;;x
MEC_democracy;Free State of Mecklenburg-Schwerin;;;;;;;;;;;;;x
MEC_dominion;Land Mecklenburg;;;;;;;;;;;;;x
MEC_fascist_dictatorship;Mecklenburger Reich;;;;;;;;;;;;;x
MEC_federal_democracy;Free State of Mecklenburg-Schwerin;;;;;;;;;;;;;x
MEC_hms_government;Grand Duchy of Mecklenburg-Schwerin;;;;;;;;;;;;;x
MEC_parliamentary_republic;Free State of Mecklenburg-Schwerin;;;;;;;;;;;;;x
MEC_proletarian_dictatorship;Mecklenburger Democratic Republic;;;;;;;;;;;;;x
MEC_prussian_constitutionalism;Grand Duchy of Mecklenburg-Schwerin;;;;;;;;;;;;;x
MEI_absolute_monarchy;Duchy of Saxe-Meiningen;;;;;;;;;;;;;x
MEI_colonial_company;Grau Meiningen;;;;;;;;;;;;;x
MEI_democracy;Free State of Saxe-Meiningen;;;;;;;;;;;;;x
MEI_dominion;Grau Meiningen;;;;;;;;;;;;;x
MEI_fascist_dictatorship;Meiningener Reich;;;;;;;;;;;;;x
MEI_federal_democracy;Free State of Saxe-Meiningen;;;;;;;;;;;;;x
MEI_hms_government;Duchy of Saxe-Meiningen;;;;;;;;;;;;;x
MEI_parliamentary_republic;Free State of Saxe-Meiningen;;;;;;;;;;;;;x
MEI_proletarian_dictatorship;Meiningener Democratic Republic;;;;;;;;;;;;;x
MEI_prussian_constitutionalism;Duchy of Saxe-Meiningen;;;;;;;;;;;;;x
MEX_absolute_monarchy;Mexican Empire;;;;;;;;;;;;;x
MEX_colonial_company;Virreinato de Nueva EspaÒa;;;;;;;;;;;;;x
MEX_democracy;Mexican Republic;;;;;;;;;;;;;x
MEX_dominion;Kingdom of Mexico;;;;;;;;;;;;;x
MEX_federal_democracy;United Mexican States;;;;;;;;;;;;;x
MEX_hms_government;Mexican Empire;;;;;;;;;;;;;x
MEX_presidential_dictatorship;Mexican Republic;;;;;;;;;;;;;x
MEX_prussian_constitutionalism;Mexican Empire;;;;;;;;;;;;;x
MGL_colonial_company;Wai Menggu;;;;;;;;;;;;;x
MGL_proletarian_dictatorship;Mongolian Peopleís Republic;;;;;;;;;;;;;x
MGL_theocracy;Bogd Khaanate;;;;;;;;;;;;;x
MLI_absolute_monarchy;Mali Empire;;;;;;;;;;;;;x
MLI_colonial_company;French Soudan;;;;;;;;;;;;;x
MLI_dominion;French Soudan;;;;;;;;;;;;;x
MLI_hms_government;Mali Empire;;;;;;;;;;;;;x
MLI_proletarian_dictatorship;Mali;;;;;;;;;;;;;x
MLI_prussian_constitutionalism;Mali Empire;;;;;;;;;;;;;x
MLW_absolute_monarchy;Nyasaland;;;;;;;;;;;;;x
MLW_colonial_company;Nyasaland;;;;;;;;;;;;;x
MLW_dominion;Nyasaland;;;;;;;;;;;;;x
MLW_hms_government;Nyasaland;;;;;;;;;;;;;x
MLW_prussian_constitutionalism;Nyasaland;;;;;;;;;;;;;x
MLY_absolute_monarchy;Malaya;;;;;;;;;;;;;x
MLY_colonial_company;Malayan Union;;;;;;;;;;;;;x
MLY_dominon;Malayan Union;;;;;;;;;;;;;x
MLY_hms_government;Malay Federation;;;;;;;;;;;;;x
MLY_prussian_constitutionalism;Malaya;;;;;;;;;;;;;x
MON_theocracy;Bishopric Montenegro;;;;;;;;;;;;;x
MOS_bourgeois_dictatorship;Upper Volta;;;;;;;;;;;;;x
MOS_democracy;Upper Volta;;;;;;;;;;;;;x
MOS_fascist_dictatorship;Upper Volta;;;;;;;;;;;;;x
MOS_presidential_dictatorship;Upper Volta;;;;;;;;;;;;;x
MOS_proletarian_dictatorship;Upper Volta;;;;;;;;;;;;;x
MOZ_colonial_company;Mocambique;;;;;;;;;;;;;x
MRN_democracy;Neutral Moresnet;;;;;;;;;;;;;x
MRN_proletarian_dictatorship;Amikejo;;;;;;;;;;;;;x
MRT_absolute_monarchy;Maratha Empire;;;;;;;;;;;;;x
MRT_democracy;Maratha Confederacy;;;;;;;;;;;;;x
MRT_proletarian_dictatorship;Maratha Republic;;;;;;;;;;;;;x
MRT_prussian_constitutionalism;Maratha Empire;;;;;;;;;;;;;x
MRU_absolute_monarchy;Maritime Union;;;;;;;;;;;;;x
MRU_colonial_company;Maritime Dominion;;;;;;;;;;;;;x
MRU_democracy;Maritime Republic;;;;;;;;;;;;;x
MRU_dominion;Maritime Dominion;;;;;;;;;;;;;x
MRU_hms_government;Maritime Union;;;;;;;;;;;;;x
MRU_prussian_constitutionalism;Maritime Union;;;;;;;;;;;;;x
MSC_colonial_company;Florida Oriental;;;;;;;;;;;;;x
MSC_democracy;State of Muskogee;;;;;;;;;;;;;x
MSC_federal_democracy;Seminole Nation;;;;;;;;;;;;;x
MSC_presidential_dictatorship;Seminole Nation;;;;;;;;;;;;;x
MSK_absolute_monarchy;Mosquito Kingdom;;;;;;;;;;;;;x
MSK_colonial_company;Mosquito Coast;;;;;;;;;;;;;x
MSK_dominion;Mosquito Reserve;;;;;;;;;;;;;x
MSK_hms_government;Mosquito Kingdom;;;;;;;;;;;;;x
MSK_prussian_constitutionalism;Mosquito Kingdom;;;;;;;;;;;;;x
MST_absolute_monarchy;Grand Duchy of Mecklenburg-Strelitz;;;;;;;;;;;;;x
MST_colonial_company;Land Mecklenburg-Strelitz;;;;;;;;;;;;;x
MST_democracy;Free State of Mecklenburg-Strelitz;;;;;;;;;;;;;x
MST_dominion;Land Mecklenburg-Strelitz;;;;;;;;;;;;;x
MST_fascist_dictatorship;Strelitzer Reich;;;;;;;;;;;;;x
MST_federal_democracy;Free State of Mecklenburg-Strelitz;;;;;;;;;;;;;x
MST_hms_government;Grand Duchy of Mecklenburg-Strelitz;;;;;;;;;;;;;x
MST_parliamentary_republic;Free State of Mecklenburg-Strelitz;;;;;;;;;;;;;x
MST_proletarian_dictatorship;Strelitzer Democratic Republic;;;;;;;;;;;;;x
MST_prussian_constitutionalism;Grand Duchy of Mecklenburg-Strelitz;;;;;;;;;;;;;x
MTC_colonial_company;Red River Colony;;;;;;;;;;;;;x
MTC_democracy;Republic of Assiniboia;;;;;;;;;;;;;x
MTC_dominion;Dominion of Assiniboia;;;;;;;;;;;;;x
MTC_hms_government;Assiniboia;;;;;;;;;;;;;x
MTC_parliamentary_republic;Assiniboia;;;;;;;;;;;;;x
MUG_absolute_monarchy;Mughal Empire;;;;;;;;;;;;;x
MUG_colonial_company;Dominion of India;;;;;;;;;;;;;x
MUG_eng_dominon;Dominion of India;;;;;;;;;;;;;x
MUG_fascist_dictatorship;Gurkani Republic;;;;;;;;;;;;;x
MUG_proletarian_dictatorship;Peopleís Republic of Mughalistan;;;;;;;;;;;;;x
MUG_prussian_constitutionalism;Mughal Empire;;;;;;;;;;;;;x
NAF_absolute_monarchy;Kingdom of New Africa;New Africa;New Africa;;;;;;;;;;;x
NAF_bourgeois_dictatorship;Republic of New Africa;New Africa;New Africa;;;;;;;;;;;x
NAF_democracy;Republic of New Africa;Republic of New Africa;New Africa;;;;;;;;;;;x
NAF_fascist_dictatorship;New African State;New Africa;New Africa;;;;;;;;;;;x
NAF_hms_government;New Africa;Kingdom of New Africa;New Africa;;;;;;;;;;;x
NAF_presidential_dictatorship;Republic of New Africa;New Africa;New Africa;;;;;;;;;;;x
NAF_proletarian_dictatorship;Peopleís Union of New Africa;New Africa;New Africa;;;;;;;;;;;x
NAF_prussian_constitutionalism;Kingdom of New Africa;New Africa;New Africa;;;;;;;;;;;x
NAL_colonial_company;Natal;;;;;;;;;;;;;x
NAL_dominion;Natal;;;;;;;;;;;;;x
NAS_absolute_monarchy;Duchy of Nassau;;;;;;;;;;;;;x
NAS_colonial_company;Kries Meiningen;;;;;;;;;;;;;x
NAS_democracy;Peopleís State of Nassau;;;;;;;;;;;;;x
NAS_dominion;Kries Meiningen;;;;;;;;;;;;;x
NAS_fascist_dictatorship;Nassau Reich;;;;;;;;;;;;;x
NAS_federal_democracy;Peopleís State of Nassau;;;;;;;;;;;;;x
NAS_hms_government;Duchy of Nassau;;;;;;;;;;;;;x
NAS_parliamentary_republic;Peopleís State of Nassau;;;;;;;;;;;;;x
NAS_proletarian_dictatorship;Peopleís Republic of Nassau;;;;;;;;;;;;;x
NAS_prussian_constitutionalism;Duchy of Nassau;;;;;;;;;;;;;x
NBR_colonial_company;New Brunswick Colony;;;;;;;;;;;;;x
NBR_dominion;Dominion of New Brunswick;;;;;;;;;;;;;x
NBR_hms_governmenr;New Brunswick;;;;;;;;;;;;;x
NBR_parliamentary_republic;New Brunswick;;;;;;;;;;;;;x
NEJ_absolute_monarchy;Emirate of Nejd;;;;;;;;;;;;;x
NEJ_hms_government;Emirate of Nejd;;;;;;;;;;;;;x
NEJ_prussian_constitutionalism;Emirate of Nejd;;;;;;;;;;;;;x
NEN_dominion;Dominion of New England;;;;;;;;;;;;;x
NET_colonial_company;Dutch Government in Exile;;;;;;;;;;;;;x
NET_dominon;Dutch Government in Exile;;;;;;;;;;;;;x
NEW_colonial_company;Newfoundland Colony;;;;;;;;;;;;;x
NEW_democracy;Republic of Newfoundland;;;;;;;;;;;;;x
NEW_dominion;Dominion of Newfoundland;;;;;;;;;;;;;x
NEW_hms_governmenr;Newfoundland;;;;;;;;;;;;;x
NEW_parliamentary_republic;Newfoundland;;;;;;;;;;;;;x
NGR_colonial_company;West Africa;;;;;;;;;;;;;x
NGR_dominion;West Africa;;;;;;;;;;;;;x
NIA_absolute_monarchy;Nianjun;;;;;;;;;;;;;x
NIC_colonial_company;Intendencia de LÈon;;;;;;;;;;;;;x
NIC_democracy;Republic of Nicaragua;;;;;;;;;;;;;x
NIC_federal_democracy;Republic of Nicaragua;;;;;;;;;;;;;x
NIG_absolute_monarchy;Dosso;;;;;;;;;;;;;x
NIG_hms_government;Dosso;;;;;;;;;;;;;x
NIG_prussian_constitutionalism;Dosso;;;;;;;;;;;;;x
NMB_colonial_company;S¸dwestafrika;;;;;;;;;;;;;x
NMB_dominon;S¸dwestafrika;;;;;;;;;;;;;x
NPL_absolute_monarchy;Naples;Naples;Naples;;;;;;;;;;;x
NPL_bourgeois_dictatorship;Naples;Naples;Naples;;;;;;;;;;;x
NPL_democracy;Naples;Naples;Naples;;;;;;;;;;;x
NPL_fascist_dictatorship;Naples;Naples;Naples;;;;;;;;;;;x
NPL_hms_government;Naples;Naples;Naples;;;;;;;;;;;x
NPL_presidential_dictatorship;Naples;Naples;Naples;;;;;;;;;;;x
NPL_proletarian_dictatorship;Naples;Naples;Naples;;;;;;;;;;;x
NPL_prussian_constitutionalism;Naples;Naples;Naples;;;;;;;;;;;x
NSC_colonial_company;Nova Scotia Colony;;;;;;;;;;;;;x
NSC_dominion;Dominion of Nova Scotia;;;;;;;;;;;;;x
NSC_hms_governmenr;Nova Scotia;;;;;;;;;;;;;x
NSC_parliamentary_republic;Nova Scotia;;;;;;;;;;;;;x
NYE_absolute_monarchy;Mutawakkilite Kingdom;;;;;;;;;;;;;x
NYE_democracy;Yemen Arab Republic;;;;;;;;;;;;;x
NYE_hms_government;Mutawakkilite Kingdom;;;;;;;;;;;;;x
NYE_prussian_constitutionalism;Mutawakkilite Kingdom;;;;;;;;;;;;;x
NYE_theocracy;Zaydi;;;;;;;;;;;;;x
NZL_absolute_monarchy;Dominion of New Zealand;;;;;;;;;;;;;x
NZL_colonial_company;New Zealand Colony;;;;;;;;;;;;;x
NZL_dominion;Dominion of New Zealand;;;;;;;;;;;;;x
NZL_hms_government;Dominion of New Zealand;;;;;;;;;;;;;x
NZL_prussian_constitutionalism;Dominion of New Zealand;;;;;;;;;;;;;x
NZF_colonial_company;Dominion de Nouvelle-ZÈlande;;;;;;;;;;;;;x
NZF_dominion;Dominion de Nouvelle-ZÈlande;;;;;;;;;;;;;x
OAX_democracy;Free State of Oaxaca;;;;;;;;;;;;;x
OAX_federal_democracy;Free State of Oaxaca;;;;;;;;;;;;;x
OLD_absolute_monarchy;Grand Duchy of Oldenburg;;;;;;;;;;;;;x
OLD_colonial_company;Land Oldenburg;;;;;;;;;;;;;x
OLD_democracy;Free State of Oldenburg;;;;;;;;;;;;;x
OLD_dominion;Land Oldenburg;;;;;;;;;;;;;x
OLD_fascist_dictatorship;Oldenburger Reich;;;;;;;;;;;;;x
OLD_federal_democracy;Free State of Oldenburg;;;;;;;;;;;;;x
OLD_hms_government;Grand Duchy of Oldenburg;;;;;;;;;;;;;x
OLD_parliamentary_republic;Free State of Oldenburg;;;;;;;;;;;;;x
OLD_proletarian_dictatorship;Oldenburger Democratic Republic;;;;;;;;;;;;;x
OLD_prussian_constitutionalism;Grand Duchy of Oldenburg;;;;;;;;;;;;;x
OMA_absolute_monarchy;Muscat-Oman;;;;;;;;;;;;;x
OMA_hms_government;Muscat-Oman;;;;;;;;;;;;;x
OMA_prussian_constitutionalism;Muscat-Oman;;;;;;;;;;;;;x
ORI_absolute_monarchy;Kalahandi;;;;;;;;;;;;;x
PAN_absolute_monarchy;Sikh Empire;;;;;;;;;;;;;x
PAN_fascist_dictatorship;Khalistan;;;;;;;;;;;;;x
PAN_prussian_constitutionalism;Sikh Empire;;;;;;;;;;;;;x
PAP_absolute_monarchy;Roman Empire;;;;;;;;;;;;;x
PAP_bourgeois_dictatorship;Republic of Rome;;;;;;;;;;;;;x
PAP_democracy;Republic of Rome;;;;;;;;;;;;;x
PAP_fascist_dictatorship;State of Rome;;;;;;;;;;;;;x
PAP_hms_government;Kingdom of Rome;;;;;;;;;;;;;x
PAP_presidential_dictatorship;Republic of Rome;;;;;;;;;;;;;x
PAP_proletarian_dictatorship;Peoples Republic of Rome;;;;;;;;;;;;;x
PAP_prussian_constitutionalism;Kingdom of Rome;;;;;;;;;;;;;x
PAP_theocracy;Papal States;;;;;;;;;;;;;x
PBC_absolute_monarchy;Great Peru;;;;;;;;;;;;;x
PBC_democracy;Andine Federation;;;;;;;;;;;;;x
PBC_hms_government;Peru-Bolivia;;;;;;;;;;;;;x
PBC_presidential_dictatorship;Peru-Bolivia;;;;;;;;;;;;;x
PBC_proletarian_dictatorship;Peopleís Andine Republic;;;;;;;;;;;;;x
PBC_prussian_constitutionalism;Great Peru;;;;;;;;;;;;;x
PBC_colonial_company;Virreinato del Peru;;;;;;;;;;;;;x
PEI_colonial_company;Prince Edward Island Colony;;;;;;;;;;;;;x
PEI_dominion;Dominion of Prince Edward Island;;;;;;;;;;;;;x
PEI_hms_governmenr;Prince Edward Island;;;;;;;;;;;;;x
PEI_parliamentary_republic;Prince Edward Island;;;;;;;;;;;;;x
PER_absolute_monarchy;Persia;;;;;;;;;;;;;x
PER_bourgeois_dictatorship;Iranian Free State;;;;;;;;;;;;;x
PER_democracy;Iran;Iran;Iran;;;;;;;;;;;x
PER_fascist_dictatorship;Iran;Iran;Iran;;;;;;;;;;;x
PER_hms_government;Imperial State of Iran;;;;;;;;;;;;;x
PER_presidential_dictatorship;Iran;;;;;;;;;;;;;x
PER_proletarian_dictatorship;Iranian Free Republic;;;;;;;;;;;;;x
PER_prussian_constitutionalism;Imperial State of Iran;;;;;;;;;;;;;x
PEU_colonial_company;Republic of North Peru;;;;;;;;;;;;;x
PEU_dominion;Republic of North Peru;;;;;;;;;;;;;x
PHL_colonial_company;Las Filipinas;;;;;;;;;;;;;x
PIR_democracy;Piratini Republic;;;;;;;;;;;;;x
PLC_democracy;Poland-Lithuania;;;;;;;;;;;;;x
PLC_fascist_dictatorship;Polish-Lithuanian Republic;;;;;;;;;;;;;x
PLC_presidential_dictatorship;Polish-Lithuanian Republic;;;;;;;;;;;;;x
PLC_proletarian_dictatorship;Polish-Lithuanian Republic;;;;;;;;;;;;;x
PML_colonial_company;Westpreuﬂen;;;;;;;;;;;;;x
PML_dominion;Westpreuﬂen;;;;;;;;;;;;;x
PNJ_absolute_monarchy;Sikh Empire;;;;;;;;;;;;;x
PNJ_democracy;Khalistan;;;;;;;;;;;;;x
PNJ_fascist_dictatorship;Khalistan;;;;;;;;;;;;;x
PNJ_hms_government;Sikh Kingdom;;;;;;;;;;;;;x
PNJ_prussian_constitutionalism;Sikh Empire;;;;;;;;;;;;;x
POL_colonial_company;Generalgouvernement;;;;;;;;;;;;;x
POL_dominion;Generalgouvernement;;;;;;;;;;;;;x
PPG_colonial_company;Neuguinea;;;;;;;;;;;;;x
PRI_colonial_company;CapitanÌa General de Puerto Rico;;;;;;;;;;;;;x
PRI_democracy;Republic of Puerto Rico;;;;;;;;;;;;;x
PRI_dominion;Commonwealth of Porto Rico;;;;;;;;;;;;;x
PRI_federal_democracy;Commonwealth of Puerto Rico;;;;;;;;;;;;;x
PRU_absolute_monarchy;Kingdom of Prussia;;;;;;;;;;;;;x
PRU_colonial_company;Land Preuﬂen;;;;;;;;;;;;;x
PRU_democracy;Free State of Prussia;;;;;;;;;;;;;x
PRU_dominion;Land Preuﬂen;;;;;;;;;;;;;x
PRU_fascist_dictatorship;Prussian Reich;;;;;;;;;;;;;x
PRU_federal_democracy;Free State of Prussia;;;;;;;;;;;;;x
PRU_hms_government;Kingdom of Prussia;;;;;;;;;;;;;x
PRU_parliamentary_republic;Free State of Prussia;;;;;;;;;;;;;x
PRU_proletarian_dictatorship;Prussian Democratic Republic;;;;;;;;;;;;;x
PRU_prussian_constitutionalism;Kingdom of Prussia;;;;;;;;;;;;;x
PZN_colonial_company;Posen;;;;;;;;;;;;;x
PZN_dominion;Posen;;;;;;;;;;;;;x
QCI_colonial_company;Colony of the Queen Charlotte Islands;;;;;;;;;;;;;x
QCI_dominion;Dominion of the Queen Charlotte Islands;;;;;;;;;;;;;x
QCI_hms_government;Queen Charlotte Islands;;;;;;;;;;;;;x
QCI_parliamentary_republic;Haida Gwaii;;;;;;;;;;;;;x
QNG_absolute_monarchy;Qing Empire;;;;;;;;;;;;;x
QNG_hms_government;Qing Empire;;;;;;;;;;;;;x
QNG_prussian_constitutionalism;Qing Empire;;;;;;;;;;;;;x
QUE_colonial_company;Province of Quebec;;;;;;;;;;;;;x
QUE_democracy;Republic of Quebec;;;;;;;;;;;;;x
QUE_dominion;Dominion of Quebec;;;;;;;;;;;;;x
QUE_hms_government;QuÈbec;;;;;;;;;;;;;x
QUE_parliamentary_republic;QuÈbec;;;;;;;;;;;;;x
RAJ_bourgeois_dictatorship;Rajasthan;;;;;;;;;;;;;x
RAJ_colonial_company;Rajputana Agency;;;;;;;;;;;;;x
RAJ_democracy;Rajasthan;;;;;;;;;;;;;x
RAJ_dominion;Rajputana Agency;;;;;;;;;;;;;x
RAJ_fascist_dictatorship;Rajasthan;;;;;;;;;;;;;x
RAJ_proletarian_dictatorship;Rajasthan;;;;;;;;;;;;;x
REU_absolute_monarchy;Principality of Reuss-Schleiz;;;;;;;;;;;;;x
REU_colonial_company;Gau Reuﬂ;;;;;;;;;;;;;x
REU_democracy;Peopleís State of Reuss;;;;;;;;;;;;;x
REU_dominion;Gau Reuﬂ;;;;;;;;;;;;;x
REU_fascist_dictatorship;Reuss Reich;;;;;;;;;;;;;x
REU_federal_democracy;Peopleís State of Reuss;;;;;;;;;;;;;x
REU_hms_government;Principality of Reuss Junior Line;;;;;;;;;;;;;x
REU_parliamentary_republic;Peopleís State of Reuss;;;;;;;;;;;;;x
REU_proletarian_dictatorship;Peopleís Republic of Reuss;;;;;;;;;;;;;x
REU_prussian_constitutionalism;Principality of Reuss Junior Line;;;;;;;;;;;;;x
RGR_colonial_company;Nuevo Reino de LeÛn;;;;;;;;;;;;;x
RGR_democracy;Republic of the Rio Grande;;;;;;;;;;;;;x
RGR_fascist_dictatorship;Rio Bravo;;;;;;;;;;;;;x
RGR_federal_democracy;Republic of the Rio Grande;;;;;;;;;;;;;x
RGS_fascist_dictatorship;Pampas;;;;;;;;;;;;;x
RHO_absolute_monarchy;Southern Rhodesia;RhodÈsie du sud;S¸drhodesien;;;;;;;;;;;x
RHO_colonial_company;Rhodesia;;;;;;;;;;;;;x
RHO_democracy;Rhodesia;;;;;;;;;;;;;x
RHO_dominion;Southern Rhodesia;;;;;;;;;;;;;x
RHO_hms_government;Southern Rhodesia;RhodÈsie du sud;S¸drhodesien;;;;;;;;;;;x
RHO_proletarian_dictatorship;Zimbabwe;Zimbabwe;Simbabwe;;;;;;;;;;;x
RLE_absolute_monarchy;Principality of Reuss Lobenstein and Ebersdorf;;;;;;;;;;;;;x
RLE_colonial_company;Kreis Lobenstein;;;;;;;;;;;;;x
RLE_democracy;Peopleís State of Lobenstein;;;;;;;;;;;;;x
RLE_dominion;Kreis Lobenstein;;;;;;;;;;;;;x
RLE_fascist_dictatorship;Lobenstein Reich;;;;;;;;;;;;;x
RLE_federal_democracy;Peopleís State of Lobenstein;;;;;;;;;;;;;x
RLE_hms_government;Principality of Reuss Lobenstein and Ebersdorf;;;;;;;;;;;;;x
RLE_parliamentary_republic;Peopleís State of Lobenstein;;;;;;;;;;;;;x
RLE_proletarian_dictatorship;Peopleís Commune of Lobenstein;;;;;;;;;;;;;x
RLE_prussian_constitutionalism;Principality of Reuss Lobenstein and Ebersdorf;;;;;;;;;;;;;x
RPL_colonial_company;Hudsonís Bay Company;;;;;;;;;;;;;x
RPL_democracy;Assiniboia;;;;;;;;;;;;;x
RPL_dominion;North-Western Territory;;;;;;;;;;;;;x
RPL_hms_governmenr;Northwestern Territories;;;;;;;;;;;;;x
RPL_hms_government;Rupertís Land;;;;;;;;;;;;;x
RPL_parliamentary_republic;Northwestern Territories;;;;;;;;;;;;;x
RSR_absolute_monarchy;Principality of Reuss-Greiz;;;;;;;;;;;;;x
RSR_colonial_company;Kreis Greiz;;;;;;;;;;;;;x
RSR_democracy;Peopleís State of Greiz;;;;;;;;;;;;;x
RSR_dominion;Kreis Greiz;;;;;;;;;;;;;x
RSR_fascist_dictatorship;Greizer Reich;;;;;;;;;;;;;x
RSR_federal_democracy;Peopleís State of Greiz;;;;;;;;;;;;;x
RSR_hms_government;Principality of Reuss Elder Line;;;;;;;;;;;;;x
RSR_parliamentary_republic;Peopleís State of Greiz;;;;;;;;;;;;;x
RSR_proletarian_dictatorship;Peopleís Commune of Greiz;;;;;;;;;;;;;x
RSR_prussian_constitutionalism;Principality of Reuss Elder Line;;;;;;;;;;;;;x
RUS_absolute_monarchy;Russian Empire;Empire russe;Russisches Zarenreich;;;;;;;;;;;x
RUS_absolute_monarchy2;Russian Empire;Empire russe;Russisches Zarenreich;;;;;;;;;;;x
RUS_democracy;Russian Federative Republic;;;;;;;;;;;;;x
RUS_hms_government;Russian Empire;;;;;;;;;;;;;x
RUS_hms_government2;Russian Empire;;;;;;;;;;;;;x
RUS_proletarian_dictatorship;Union of Soviet Socialist Republics;;;;;;;;;;;;;x
RUS_prussian_constitutionalism;Russian Empire;Empire russe;Russisches Zarenreich;;;;;;;;;;;x
RUS_prussian_constitutionalism2;Russian Empire;Empire russe;Russisches Zarenreich;;;;;;;;;;;x
RUT_democracy;West Ukraine;;;;;;;;;;;;;x
RUT_presidential_dictatorship;West Ukraine;;;;;;;;;;;;;x
RUT_proletarian_dictatorship;West Ukrainian Peopleís Republic;;;;;;;;;;;;;x
SAF_colonial_company;Cape Colony;;;;;;;;;;;;;x
SAF_dominon;Cape Colony;;;;;;;;;;;;;x
SAF_hms_government;Union of South Africa;;;;;;;;;;;;;x
SAR_absolute_monarchy;Kingdom of Sardinia;;;;;;;;;;;;;x
SAR_hms_government;Kingdom of Sardinia;;;;;;;;;;;;;x
SAR_prussian_constitutionalism;Kingdom of Sardinia;;;;;;;;;;;;;x
SAT_absolute_monarchy;Satsuma;;;;;;;;;;;;;x
SAT_hms_government;Satsuma;;;;;;;;;;;;;x
SAT_prussian_constitutionalism;Satsuma;;;;;;;;;;;;;x
SAX_absolute_monarchy;Kingdom of Saxony;;;;;;;;;;;;;x
SAX_colonial_company;Land Sachsen;;;;;;;;;;;;;x
SAX_democracy;Free State of Saxony;;;;;;;;;;;;;x
SAX_dominion;Land Sachsen;;;;;;;;;;;;;x
SAX_fascist_dictatorship;Saxon Reich;;;;;;;;;;;;;x
SAX_federal_democracy;Free State of Saxony;;;;;;;;;;;;;x
SAX_hms_government;Kingdom of Saxony;;;;;;;;;;;;;x
SAX_parliamentary_republic;Free State of Saxony;;;;;;;;;;;;;x
SAX_proletarian_dictatorship;Saxon Democratic Republic;;;;;;;;;;;;;x
SAX_prussian_constitutionalism;Kingdom of Saxony;;;;;;;;;;;;;x
SCA_absolute_monarchy;Kalmar Union;;;;;;;;;;;;;x
SCA_proletarian_dictatorship;Baltic Co-Prosperity Sphere;;;;;;;;;;;;;x
SCA_prussian_constitutionalism;Kalmar Union;;;;;;;;;;;;;x
SCH_absolute_monarchy;Duchy of Schleswig;;;;;;;;;;;;;x
SCH_colonial_company;Hertugd¯mmet Slesvig;;;;;;;;;;;;;x
SCH_democracy;Free State of Schleswig;;;;;;;;;;;;;x
SCH_dominion;Hertugd¯mmet Slesvig;;;;;;;;;;;;;x
SCH_fascist_dictatorship;Schleswigian Reich;;;;;;;;;;;;;x
SCH_federal_democracy;Free State of Schleswig;;;;;;;;;;;;;x
SCH_hms_government;Duchy of Schleswig;;;;;;;;;;;;;x
SCH_parliamentary_republic;Free State of Schleswig;;;;;;;;;;;;;x
SCH_proletarian_dictatorship;Schleswigian Democratic Republic;;;;;;;;;;;;;x
SCH_prussian_constitutionalism;Duchy of Schleswig;;;;;;;;;;;;;x
SCL_absolute_monarchy;Principality of Schaumburg-Lippe;;;;;;;;;;;;;x
SCL_colonial_company;Kries Schaumburg;;;;;;;;;;;;;x
SCL_democracy;Free State of Schaumburg-Lippe;;;;;;;;;;;;;x
SCL_dominion;Kries Schaumburg;;;;;;;;;;;;;x
SCL_fascist_dictatorship;Schaumburger Reich;;;;;;;;;;;;;x
SCL_federal_democracy;Free State of Schaumburg-Lippe;;;;;;;;;;;;;x
SCL_hms_government;Principality of Schaumburg-Lippe;;;;;;;;;;;;;x
SCL_parliamentary_republic;Free State of Schaumburg-Lippe;;;;;;;;;;;;;x
SCL_proletarian_dictatorship;Schaumburger Democratic Republic;;;;;;;;;;;;;x
SCL_prussian_constitutionalism;Principality of Schaumburg-Lippe;;;;;;;;;;;;;x
SDB_democracy;Sonderbund;;;;;;;;;;;;;x
SEG_absolute_monarchy;Bamana Empire;;;;;;;;;;;;;x
SEG_hms_government;Segou;;;;;;;;;;;;;x
SEG_prussian_constitutionalism;Segou;;;;;;;;;;;;;x
SEN_absolute_monarchy;Sendai;;;;;;;;;;;;;x
SEN_hms_government;Sendai;;;;;;;;;;;;;x
SEN_prussian_constitutionalism;Sendai;;;;;;;;;;;;;x
SGM_absolute_monarchy;Principality of Hohenzollern-Sigmaringen;;;;;;;;;;;;;x
SGM_colonial_company;Grau Hohenzollern;;;;;;;;;;;;;x
SGM_democracy;Free State of Hohenzollern;;;;;;;;;;;;;x
SGM_dominion;Grau Hohenzollern;;;;;;;;;;;;;x
SGM_fascist_dictatorship;Hohenzollernish Reich;;;;;;;;;;;;;x
SGM_federal_democracy;Free State of Hohenzollern;;;;;;;;;;;;;x
SGM_hms_government;Principality of Hohenzollern-Sigmaringen;;;;;;;;;;;;;x
SGM_parliamentary_republic;Free State of Hohenzollern;;;;;;;;;;;;;x
SGM_proletarian_dictatorship;Hohenzollernish Democratic Republic;;;;;;;;;;;;;x
SGM_prussian_constitutionalism;Principality of Hohenzollern-Sigmaringen;;;;;;;;;;;;;x
SGP_colonial_company;Straits Settlement;;;;;;;;;;;;;x
SGP_dominion;Straits Settlement;;;;;;;;;;;;;x
SHA_absolute_monarchy;Chiang Mai;;;;;;;;;;;;;x
SHK_absolute_monarchy;Shilluk Kingdom;;;;;;;;;;;;;x
SHK_hms_government;Shilluk Kingdom;;;;;;;;;;;;;x
SHK_prussian_constitutionalism;Shilluk Kingdom;;;;;;;;;;;;;x
SIA_absolute_monarchy;Rattanakosin Kingdom;;;;;;;;;;;;;x
SIA_hms_government;Kingdom of Siam;;;;;;;;;;;;;x
SIA_prussian_constitutionalism;Kingdom of Siam;;;;;;;;;;;;;x
SIB_absolute_monarchy;Siberia;;;;;;;;;;;;;x
SIB_hms_government;Siberia;;;;;;;;;;;;;x
SIB_prussian_constitutionalism;Siberia;;;;;;;;;;;;;x
SIE_colonial_company;Siebenburgen;;;;;;;;;;;;;x
SIE_dominion;Siebenburgen;;;;;;;;;;;;;x
SLS_colonial_company;Schlesien;;;;;;;;;;;;;x
SLS_dominion;Schlesien;;;;;;;;;;;;;x
SLW_absolute_monarchy;Bone;;;;;;;;;;;;;x
SLW_hms_government;Bone;;;;;;;;;;;;;x
SLW_prussian_constitutionalism;Bone;;;;;;;;;;;;;x
SNZ_bourgeois_dictatorship;South Island Republic;South Island Republic;South Island Republic;;;;;;;;;;;x
SNZ_democracy;South Island Republic;South Island Republic;South Island Republic;;;;;;;;;;;x
SNZ_fascist_dictatorship;Zealandia;Zealandia;Zealandia;;;;;;;;;;;x
SNZ_presidential_dictatorship;South Island Republic;South Island Republic;South Island Republic;;;;;;;;;;;x
SNZ_proletarian_dictatorship;Zealandia;Zealandia;Zealandia;;;;;;;;;;;x
SOK_absolute_monarchy;Sokoto Caliphate;;;;;;;;;;;;;x
SOK_hms_government;Sokoto Caliphate;;;;;;;;;;;;;x
SOK_prussian_constitutionalism;Sokoto Caliphate;;;;;;;;;;;;;x
SOM_proletarian_dictatorship;Somali Democratic Republic;;;;;;;;;;;;;x
SON_colonial_company;Reino de Nueva Vizcaya;;;;;;;;;;;;;x
SON_democracy;Republic of Sonora;;;;;;;;;;;;;x
SON_federal_democracy;Republic of Sonora;;;;;;;;;;;;;x
SPA_absolute_monarchy;Kingdom of Spain;;;;;;;;;;;;;x
SPA_absolute_monarchy2;Kingdom of Spain;;;;;;;;;;;;;x
SPA_democracy;Spanish Republic;;;;;;;;;;;;;x
SPA_fascist_dictatorship;Spanish State;;;;;;;;;;;;;x
SPA_hms_government;Kingdom of Spain;;;;;;;;;;;;;x
SPA_hms_government2;Kingdom of Spain;;;;;;;;;;;;;x
SPA_presidential_dictatorship;Spanish State;;;;;;;;;;;;;x
SPA_proletarian_dictatorship;Spanish Republic;;;;;;;;;;;;;x
SPA_prussian_constitutionalism;Kingdom of Spain;;;;;;;;;;;;;x
SPA_prussian_constitutionalism2;Kingdom of Spain;;;;;;;;;;;;;x
SPU_colonial_company;Republic of South Peru;;;;;;;;;;;;;x
SPU_dominion;Republic of South Peru;;;;;;;;;;;;;x
SRI_absolute_monarchy;Ceylon;;;;;;;;;;;;;x
SRI_colonial_company;Ceylon;;;;;;;;;;;;;x
SRI_dominion;Ceylon;;;;;;;;;;;;;x
SRI_hms_government;Ceylon;;;;;;;;;;;;;x
SRI_prussian_constitutionalism;Ceylon;;;;;;;;;;;;;x
SRS_absolute_monarchy;Principality of Schwarzburg-Rudolstadt;;;;;;;;;;;;;x
SRS_colonial_company;Kreis Rudolstadt;;;;;;;;;;;;;x
SRS_democracy;Free State of Schwarzburg-Rudolstadt;;;;;;;;;;;;;x
SRS_dominion;Kreis Rudolstadt;;;;;;;;;;;;;x
SRS_fascist_dictatorship;Rudolst‰dter Reich;;;;;;;;;;;;;x
SRS_federal_democracy;Free State of Schwarzburg-Rudolstadt;;;;;;;;;;;;;x
SRS_hms_government;Principality of Schwarzburg-Rudolstadt;;;;;;;;;;;;;x
SRS_parliamentary_republic;Free State of Schwarzburg-Rudolstadt;;;;;;;;;;;;;x
SRS_proletarian_dictatorship;Rudolstadt Democratic Republic;;;;;;;;;;;;;x
SRS_prussian_constitutionalism;Principality of Schwarzburg-Rudolstadt;;;;;;;;;;;;;x
STK_colonial_company;New Caledonia District;;;;;;;;;;;;;x
STK_democracy;Republic of Stickeen;;;;;;;;;;;;;x
STK_dominion;Stickeen Territories;;;;;;;;;;;;;x
STK_hms_government;Stikine Country;;;;;;;;;;;;;x
STK_parliamentary_republic;Stikine Country;;;;;;;;;;;;;x
STH_colonial_company;Esthland Governorate;;;;;;;;;;;;;x
STH_dominion;Esthland Governorate;;;;;;;;;;;;;x
STH_hms_government;Grand Duchy of Estland;;;;;;;;;;;;;x
STH_prussian_constitutionalism;Grand Duchy of Estland;;;;;;;;;;;;;x
STH_absolute_monarchy;Grand Duchy of Estland;;;;;;;;;;;;;x
SUA_bourgeois_dictatorship;Swaziland;;;;;;;;;;;;;x
SUA_democracy;Swaziland;;;;;;;;;;;;;x
SUA_fascist_dictatorship;Swatini;;;;;;;;;;;;;x
SUA_presidential_dictatorship;Swaziland;;;;;;;;;;;;;x
SUA_proletarian_dictatorship;Swaziland;;;;;;;;;;;;;x
SUD_theocracy;Mahdist Sudan;;;;;;;;;;;;;x
SWG_absolute_monarchy;Principality of Schwarzburg-Sondershausen;;;;;;;;;;;;;x
SWG_colonial_company;Kreis Sondershausen;;;;;;;;;;;;;x
SWG_democracy;Free State of Schwarzburg-Sondershausen;;;;;;;;;;;;;x
SWG_dominion;Kreis Sondershausen;;;;;;;;;;;;;x
SWG_fascist_dictatorship;Sondershausen Reich;;;;;;;;;;;;;x
SWG_federal_democracy;Free State of Schwarzburg-Sondershausen;;;;;;;;;;;;;x
SWG_hms_government;Principality of Schwarzburg-Sondershausen;;;;;;;;;;;;;x
SWG_parliamentary_republic;Free State of Schwarzburg-Sondershausen;;;;;;;;;;;;;x
SWG_proletarian_dictatorship;Sondershausen Democratic Republic;;;;;;;;;;;;;x
SWG_prussian_constitutionalism;Principality of Schwarzburg-Sondershausen;;;;;;;;;;;;;x
SWH_absolute_monarchy;Duchy of Schleswig-Holstein;;;;;;;;;;;;;x
SWH_colonial_company;Hertugd¯mmet Slesvig-Holsten;;;;;;;;;;;;;x
SWH_democracy;Free State of Schleswig-Holstein;;;;;;;;;;;;;x
SWH_dominion;Slesvig-Holsten;;;;;;;;;;;;;x
SWH_fascist_dictatorship;Schleswig-Holstein Reich;;;;;;;;;;;;;x
SWH_federal_democracy;Free State of Schleswig-Holstein;;;;;;;;;;;;;x
SWH_hms_government;Duchy of Schleswig-Holstein;;;;;;;;;;;;;x
SWH_parliamentary_republic;Free State of Schleswig-Holstein;;;;;;;;;;;;;x
SWH_proletarian_dictatorship;Schleswig-Holstein Democratic Republic;;;;;;;;;;;;;x
SWH_prussian_constitutionalism;Duchy of Schleswig-Holstein;;;;;;;;;;;;;x
SWI_democracy2;Swiss Confederation;;;;;;;;;;;;;x
SWK_fascist_dictatorship;Borneo Republic;;;;;;;;;;;;;x
SXI_presidential_dictatorship;Shanxi Clique;Clique de Shanxi;Shanxi-Clique;;;;;;;;;;;x
SYR_dominion;Syrie;;;;;;;;;;;;;x
SZC_presidential_dictatorship;Sichuan Clique;;;;;;;;;;;;;x
TAI_colonial_company;Takasago;;;;;;;;;;;;;x
TAI_dominion;Takasago;;;;;;;;;;;;;x
TAJ_absolute_monarchy;Badakhshan;;;;;;;;;;;;;x
TAJ_hms_government;Badakhshan;;;;;;;;;;;;;x
TAJ_prussian_constitutionalism;Badakhshan;;;;;;;;;;;;;x
TBS_absolute_monarchy;Tabasco;;;;;;;;;;;;;x
TBS_democracy;Free and Sovereign State of Tabasco;;;;;;;;;;;;;x
TBS_fascist_dictatorship;Tabasco State;;;;;;;;;;;;;x
TBS_federal_democracy;Free and Sovereign State of Tabasco;;;;;;;;;;;;;x
TBS_hms_government;Tabasco;;;;;;;;;;;;;x
TBS_presidential_dictatorship;Tabasco;;;;;;;;;;;;;x
TBS_proletarian_dictatorship;Peopleís Republic of Tabasco;;;;;;;;;;;;;x
TBS_prussian_constitutionalism;Tabasco;;;;;;;;;;;;;x
TCA_colonial_company;Kavkazkoe Namestnichestvo;;;;;;;;;;;;;x
TEX_colonial_company;Comandancia Generales de Nuevas Filipinas;;;;;;;;;;;;;x
TEX_democracy;Republic of Texas;;;;;;;;;;;;;x
TEX_federal_democracy;Republic of Texas;;;;;;;;;;;;;x
TEX_presidential_dictatorship;Republic of Texas;;;;;;;;;;;;;x
TEX_dominion;Commonwealth of Louisiana;;;;;;;;;;;;;x
TKM_absolute_monarchy;Akhal-Tekke;;;;;;;;;;;;;x
TKM_hms_government;Salor Confederation;;;;;;;;;;;;;x
TKM_prussian_constitutionalism;Salor Confederation;;;;;;;;;;;;;x
TMR_absolute_monarchy;Wehali;;;;;;;;;;;;;x
TNT_absolute_monarchy;Tannu Uriankhai;;;;;;;;;;;;;x
TNT_hms_government;Tannu Uriankhai;;;;;;;;;;;;;x
TNT_prussian_constitutionalism;Tannu Uriankhai;;;;;;;;;;;;;x
TNZ_colonial_company;Ostafrika;;;;;;;;;;;;;x
TNZ_dominion;Ostafrika;;;;;;;;;;;;;x
TOS_absolute_monarchy;Tosa;;;;;;;;;;;;;x
TOS_hms_government;Tosa;;;;;;;;;;;;;x
TOS_prussian_constitutionalism;Tosa;;;;;;;;;;;;;x
TOU_bourgeois_dictatorship;Tukulor Republic;;;;;;;;;;;;;x
TOU_democracy;Tukulor Republic;;;;;;;;;;;;;x
TOU_fascist_dictatorship;Sahelian Republic;;;;;;;;;;;;;x
TOU_presidential_dictatorship;Tukulor Republic;;;;;;;;;;;;;x
TOU_proletarian_dictatorship;Sahelian Peopleís Republic;;;;;;;;;;;;;x
TPG_bourgeois_dictatorship;Heavenly Republic;;;;;;;;;;;;;x
TPG_democracy;Heavenly Republic;;;;;;;;;;;;;x
TPG_fascist_dictatorship;Heavenly Kingdom;;;;;;;;;;;;;x
TPG_presidential_dictatorship;Heavenly Republic;;;;;;;;;;;;;x
TPG_proletarian_dictatorship;Chinese Peopleís Republic;;;;;;;;;;;;;x
TRE_colonial_company;Freie Stadt Triest;;;;;;;;;;;;;x
TRE_dominion;Freie Stadt Triest;;;;;;;;;;;;;x
TRZ_absolute_monarchy;Trarza;;;;;;;;;;;;;x
TRZ_bourgeois_dictatorship;Mauritania;Mauritanie;Mauretanien;;;;;;;;;;;x
TRZ_democracy;Mauritania;Mauritanie;Mauretanien;;;;;;;;;;;x
TRZ_fascist_dictatorship;Mauritania;Mauritanie;Mauretanien;;;;;;;;;;;x
TRZ_presidential_dictatorship;Mauritania;Mauritanie;Mauretanien;;;;;;;;;;;x
TRZ_proletarian_dictatorship;Mauritania;Mauritanie;Mauretanien;;;;;;;;;;;x
TST_colonial_company;S¸dtirol;;;;;;;;;;;;;x
TTB_colonial_company;Trinidad Colony;;;;;;;;;;;;;x
TTB_dominion;Trinidad and Tobago;;;;;;;;;;;;;x
TTB_hms_government;Trinidad and Tobago;;;;;;;;;;;;;x
TTB_parliamentary_republic;Republic of Trinidad and Tobago;;;;;;;;;;;;;x
TUN_absolute_monarchy;Tunis;;;;;;;;;;;;;x
TUN_prussian_constitutionalism;Tunis;;;;;;;;;;;;;x
TUR_absolute_monarchy;Ottoman Empire;;;;;;;;;;;;;x
TUR_bourgeois_dictatorship;Turkish Free State;;;;;;;;;;;;;x
TUR_democracy;Turkey;Turquie;T¸rkei;;;;;;;;;;;x
TUR_fascist_dictatorship;Turkey;;;;;;;;;;;;;x
TUR_hms_government;Ottoman Empire;;;;;;;;;;;;;x
TUR_presidential_dictatorship;Turkey;;;;;;;;;;;;;x
TUR_proletarian_dictatorship;Turkish Socialist Republic;;;;;;;;;;;;;x
TUR_prussian_constitutionalism;Ottoman Empire;;;;;;;;;;;;;x
UBD_absolute_monarchy;United Baltic Duchy;;;;;;;;;;;;;x
UBD_colonial_company;Baltiskaya Gubernia;;;;;;;;;;;;;x
UBD_democracy;Baltic Union;;;;;;;;;;;;;x
UBD_dominon;Baltiskaya Gubernia;;;;;;;;;;;;;x
UBD_fascist_dictatorship;Baltic State;;;;;;;;;;;;;x
UBD_hms_government;United Baltic Duchy;;;;;;;;;;;;;x
UBD_presidential_dictatorship;Livonia;;;;;;;;;;;;;x
UBD_proletarian_dictatorship;Baltic Workerís Union;;;;;;;;;;;;;x
UBD_prussian_constitutionalism;United Baltic Duchy;;;;;;;;;;;;;x
UCA_absolute_monarchy;Central American Empire;Central American Empire;Central American Empire;;;;;;;;;;;x
UCA_colonial_company;Virreynato de Nueva Espana;;;;;;;;;;;;;x
UCA_hms_government;Central America;Central America;Central America;;;;;;;;;;;x
UCA_proletarian_dictatorship;Centroamerica;;;;;;;;;;;;;x
UCA_prussian_constitutionalism;Central American Empire;Central American Empire;Central American Empire;;;;;;;;;;;x
UIL_absolute_monarchy;Kingdom of New America;;;;;;;;;;;;;x
UIL_fascist_dictatorship;New America;;;;;;;;;;;;;x
UIL_presidential_dictatorship;New America;;;;;;;;;;;;;x
UIL_proletarian_dictatorship;New American Republic;;;;;;;;;;;;;x
UIL_prussian_constitutionalism;Kingdom of New America;;;;;;;;;;;;;x
UKY_democracy;Commonwealth of Kentucky;;;;;;;;;;;;;x
UKY_dominion;Neutral Commonwealth of Kentucky;;;;;;;;;;;;;x
ULA_absolute_monarchy;Dominion de Louisiane;;;;;;;;;;;;;x
ULA_bourgeois_dictatorship;Louisiane Republique;;;;;;;;;;;;;x
ULA_colonial_company;La Louisiane;;;;;;;;;;;;;x
ULA_democracy;Louisiane;;;;;;;;;;;;;x
ULA_dominion;Dominion de Louisiane;;;;;;;;;;;;;x
ULA_fascist_dictatorship;Louisiane Republique;;;;;;;;;;;;;x
ULA_hms_government;Dominion de Louisiane;;;;;;;;;;;;;x
ULA_presidential_dictatorship;Louisiane Republique;;;;;;;;;;;;;x
ULA_proletarian_dictatorship;Commune de Louisiane;;;;;;;;;;;;;x
ULA_prussian_constitutionalism;Dominion de Louisiane;;;;;;;;;;;;;x
UNB_absolute_monarchy;Kingdom of Colorado;;;;;;;;;;;;;x
UNB_dominion;Territory of Jefferson;;;;;;;;;;;;;x
UNB_hms_government;Colorado Commonwealth;;;;;;;;;;;;;x
UNB_prussian_constitutionalism;Kingdom of Colorado;;;;;;;;;;;;;x
UNB_colonial_company;U.S. Unorganized Territories;;;;;;;;;;;;;x
UNM_absolute_monarchy;New Mexico;;;;;;;;;;;;;x
UNM_colonial_company;La Florida Occidental;;;;;;;;;;;;;x
UNM_democracy;Apache Nation;;;;;;;;;;;;;x
UNM_dominion;Province of West Florida;;;;;;;;;;;;;x
UNM_federal_democracy;ApacherÌa;;;;;;;;;;;;;x
UNM_hms_government;New Mexico;;;;;;;;;;;;;x
UNM_proletarian_dictatorship;Pueblo Peopleís Republic;;;;;;;;;;;;;x
UNM_prussian_constitutionalism;New Mexico;;;;;;;;;;;;;x
UNY_absolute_monarchy;New Kingdom of York;;;;;;;;;;;;x
UNY_bourgeois_dictatorship;The Most Serene Republic of New York and Long Island;;;;;;;;;;;;x
UNY_fascist_dictatorship;New York State;;;;;;;;;;;;;x
UNY_presidential_dictatorship;New York;;;;;;;;;;;;;x
UNY_proletarian_dictatorship;Manhattan Commune;;;;;;;;;;;;x
UNY_prussian_constitutionalism;New Kingdom of York;;;;;;;;;;;;x
UOR_absolute_monarchy;Kingdom of Oregon;;;;;;;;;;;;;x
UOR_colonial_company;Provisional Government of Oregon;;;;;;;;;;;;;x
UOR_dominion;Oregon Territory;;;;;;;;;;;;;x
UOR_fascist_dictatorship;Cascadia;;;;;;;;;;;;;x
UOR_hms_government;Oregon;;;;;;;;;;;;;x
UOR_proletarian_dictatorship;Oregon Peopleís Republic;;;;;;;;;;;;;x
UOR_prussian_constitutionalism;Kingdom of Oregon;;;;;;;;;;;;;x
URA_absolute_monarchy;Ural State;;;;;;;;;;;;;x
URA_democracy;Ural Free State;;;;;;;;;;;;;x
URA_hms_government;Ural State;;;;;;;;;;;;;x
URA_proletarian_dictatorship;Ural Peopleís Republic;;;;;;;;;;;;;x
URA_prussian_constitutionalism;Ural State;;;;;;;;;;;;;x
URU_absolute_monarchy;Cisplatina;;;;;;;;;;;;;x
URU_colonial_company;Cisplatina;;;;;;;;;;;;;x
URU_dominion;Cisplatina;;;;;;;;;;;;;x
URU_hms_government;Cisplatina;;;;;;;;;;;;;x
URU_prussian_constitutionalism;Cisplatina;;;;;;;;;;;;;x
USA_absolute_monarchy;American Empire;;;;;;;;;;;;;x
USA_bourgeois_dictatorship;United States of America;…tats-Unis;;;;;;;;;;;;x
USA_democracy;United States of America;…tats-Unis;;;;;;;;;;;;x
USA_dominion;Commonwealth of Virginia;;;;;;;;;;;;;x
USA_fascist_dictatorship;United States of America;…tats-Unis;;;;;;;;;;;;x
USA_hms_government;Kingdom of America;;;;;;;;;;;;;x
USA_presidential_dictatorship;United States of America;…tats-Unis;;;;;;;;;;;;x
USA_proletarian_dictatorship;Peopleís Republic of America;;;;;;;;;;;;;x
USA_prussian_constitutionalism;American Empire;;;;;;;;;;;;;x
USS_absolute_monarchy;South American Empire;;;;;;;;;;;;;x
USS_democracy;Union of South American Republics;;;;;;;;;;;;;x
USS_fascist_dictatorship;Grand Union of South America;;;;;;;;;;;;;x
USS_hms_government;South American Empire;;;;;;;;;;;;;x
USS_proletarian_dictatorship;South American Peopleís Union;;;;;;;;;;;;;x
USS_prussian_constitutionalism;South American Empire;;;;;;;;;;;;;x
UVT_colonial_company;New Connecticut;;;;;;;;;;;;;x
UVT_democracy;Vermont Republic;;;;;;;;;;;;;x
UVT_dominion;Green Mountain Dominion;;;;;;;;;;;;;x
UVT_federal_democracy;Vermont Republic;;;;;;;;;;;;;x
UYG_absolute_monarchy;Kashgaria;;;;;;;;;;;;;x
UYG_hms_government;Kashgaria;;;;;;;;;;;;;x
UYG_prussian_constitutionalism;Kashgaria;;;;;;;;;;;;;x
VAN_colonial_company;Island of Vancouver and Its Dependencies;;;;;;;;;;;;;x
VAN_dominion;Dominion of Vancouver Island;;;;;;;;;;;;;x
VAN_hms_governmenr;Vancouver Island;;;;;;;;;;;;;x
VAN_parliamentary_republic;Vancouver Island;;;;;;;;;;;;;x
VEN_democracy;Republic of San Marco;;;;;;;;;;;;;x
VEN_presidential_dictatorship;Republic of San Marco;;;;;;;;;;;;;x
VFR_absolute_monarchy;French Empire;;;;;;;;;;;;;x
VFR_bourgeois_dictatorship;Nationalist France;;;;;;;;;;;;;x
VFR_democracy;Nationalist France;;;;;;;;;;;;;x
VFR_fascist_dictatorship;Vichy France;;;;;;;;;;;;;x
VFR_hms_government;French Kingdom;;;;;;;;;;;;;x
VFR_presidential_dictatorship;Nationalist France;;;;;;;;;;;;;x
VFR_proletarian_dictatorship;Commune of France;;;;;;;;;;;;;x
VFR_prussian_constitutionalism;French Empire;;;;;;;;;;;;;x
VLG_absolute_monarchy;Kosakenstadt;;;;;;;;;;;;;x
VLG_democracy;German Volga Republic;;;;;;;;;;;;;x
VLG_fascist_dictatorship;German Volga Republic;;;;;;;;;;;;;x
VLG_hms_government;Kosakenstadt;;;;;;;;;;;;;x
VLG_proletarian_dictatorship;Volga German SSR;;;;;;;;;;;;;x
VLG_prussian_constitutionalism;Kosakenstadt;;;;;;;;;;;;;x
VLK_absolute_monarchy;Afrikaner Kingdom;;;;;;;;;;;;;x
VLK_colonial_company;Zuidafrika;;;;;;;;;;;;;x
VLK_dominion;Zuidafrika;;;;;;;;;;;;;x
VLK_hms_government;Afrikaner Kingdom;;;;;;;;;;;;;x
VLK_proletarian_dictatorship;Socialist Republic of South Africa;;;;;;;;;;;;;x
VLK_prussian_constitutionalism;Afrikaner Kingdom;;;;;;;;;;;;;x
VLP_colonial_company;Virreinato del RÌo de la Plata;;;;;;;;;;;;;x
VNG_colonial_company;Virreinato de la Nueva Granada;;;;;;;;;;;;;x
VNS_colonial_company;Virreinato de Nueva EspaÒa;;;;;;;;;;;;;x
CGC_colonial_company;CapitanÌa General de Chile;;;;;;;;;;;;;x
VOP_colonial_company;Virreinato del Peru;;;;;;;;;;;;;x
VLP_dominion;Virreinato del RÌo de la Plata;;;;;;;;;;;;;x
VNG_dominion;Virreinato de la Nueva Granada;;;;;;;;;;;;;x
VNS_dominion;Virreinato de Nueva EspaÒa;;;;;;;;;;;;;x
CGC_dominion;CapitanÌa General de Chile;;;;;;;;;;;;;x
VOP_dominion;Virreinato del Peru;;;;;;;;;;;;;x
VOC_colonial_company;Nederlands-IndiÎ;;;;;;;;;;;;;x
VOJ_colonial_company;Serbian Military Frontier;;;;;;;;;;;;;x
VTU_colonial_company;New Hebrides;;;;;;;;;;;;;x
VTU_dominion;New Hebrides;;;;;;;;;;;;;x
WAD_absolute_monarchy;Wadai Sultanate;;;;;;;;;;;;;x
WAD_hms_government;Wadai Sultanate;;;;;;;;;;;;;x
WAD_prussian_constitutionalism;Wadai Sultanate;;;;;;;;;;;;;x
WAS_fascist_dictatorship;Westralia;Westralia;Westralia;;;;;;;;;;;x
WEI_absolute_monarchy;Grand Duchy of Saxe-Weimar-Eisenach;;;;;;;;;;;;;x
WEI_colonial_company;Gau Weimar;;;;;;;;;;;;;x
WEI_democracy;Free State of Saxe-Weimar-Eisenach;;;;;;;;;;;;;x
WEI_dominion;Gau Weimar;;;;;;;;;;;;;x
WEI_fascist_dictatorship;Weimar Reich;;;;;;;;;;;;;x
WEI_federal_democracy;Free State of Saxe-Weimar-Eisenach;;;;;;;;;;;;;x
WEI_hms_government;Grand Duchy of Saxe-Weimar-Eisenach;;;;;;;;;;;;;x
WEI_parliamentary_republic;Free State of Saxe-Weimar-Eisenach;;;;;;;;;;;;;x
WEI_proletarian_dictatorship;Weimaraner Democratic Republic;;;;;;;;;;;;;x
WEI_prussian_constitutionalism;Grand Duchy of Saxe-Weimar-Eisenach;;;;;;;;;;;;;x
WIN_colonial_company;Windward Islands Colony;;;;;;;;;;;;;x
WIN_dominion;Federal Colony of the Windward Islands;;;;;;;;;;;;;x
WIN_hms_government;West Indies Federation;;;;;;;;;;;;;x
WIN_parliamentary_republic;West Indies Federation;;;;;;;;;;;;;x
WLD_absolute_monarchy;Principality of Waldeck;;;;;;;;;;;;;x
WLD_colonial_company;Kreis Arolsen;;;;;;;;;;;;;x
WLD_democracy;Free State of Waldeck-Pyrmont;;;;;;;;;;;;;x
WLD_dominion;Kreis Arolsen;;;;;;;;;;;;;x
WLD_fascist_dictatorship;Waldecker Reich;;;;;;;;;;;;;x
WLD_federal_democracy;Free State of Waldeck-Pyrmont;;;;;;;;;;;;;x
WLD_hms_government;Principality of Waldeck and Pyrmont;;;;;;;;;;;;;x
WLD_parliamentary_republic;Free State of Waldeck-Pyrmont;;;;;;;;;;;;;x
WLD_proletarian_dictatorship;Waldecker Democratic Republic;;;;;;;;;;;;;x
WLD_prussian_constitutionalism;Principality of Waldeck and Pyrmont;;;;;;;;;;;;;x
WOL_absolute_monarchy;Wolof;;;;;;;;;;;;;x
WOL_hms_government;Wolof;;;;;;;;;;;;;x
WOL_prussian_constitutionalism;Wolof;;;;;;;;;;;;;x
WOL_theocracy;Wolof;;;;;;;;;;;;;x
WUR_absolute_monarchy;Kingdom of W¸rttemberg;;;;;;;;;;;;;x
WUR_colonial_company;Land W¸rttemberg;;;;;;;;;;;;;x
WUR_democracy;Free Peopleís State of W¸rttemberg;;;;;;;;;;;;;x
WUR_dominion;Land W¸rttemberg;;;;;;;;;;;;;x
WUR_fascist_dictatorship;W¸rttemberger Reich;;;;;;;;;;;;;x
WUR_federal_democracy;Free Peopleís State of W¸rttemberg;;;;;;;;;;;;;x
WUR_hms_government;Kingdom of W¸rttemberg;;;;;;;;;;;;;x
WUR_parliamentary_republic;Free Peopleís State of W¸rttemberg;;;;;;;;;;;;;x
WUR_proletarian_dictatorship;Peopleís Republic of W¸rttemberg;;;;;;;;;;;;;x
WUR_prussian_constitutionalism;Kingdom of W¸rttemberg;;;;;;;;;;;;;x
XBI_presidential_dictatorship;Ma Clique;;;;;;;;;;;;;x
XHO_democracy;Xhosaland;;;;;;;;;;;;;x
XIN_presidential_dictatorship;Xinjiang Clique;Clique de Xinjiang;Xinjiang-Clique;;;;;;;;;;;x
YEM_colonial_company;Aden Protectorate;;;;;;;;;;;;;x
YEM_dominion;Aden Protectorate;;;;;;;;;;;;;x
YEM_proletarian_dictatorship;Peopleís Republic of Yemen;;;;;;;;;;;;;x
YNN_presidential_dictatorship;Yunnan Clique;Clique de Yunnan;Yunnan-Clique;;;;;;;;;;;x
YUC_colonial_company;CapitanÌa General de MÈrida de Yucat·n;;;;;;;;;;;;;x
YUC_democracy;Republic of Yucat·n;;;;;;;;;;;;;x
YUC_federal_democracy;Federated Republic of Yucat·n;;;;;;;;;;;;;x
ZAC_colonial_company;Reino de Nueva Galicia;;;;;;;;;;;;;x
ZAC_democracy;Republic of Zacatecas;;;;;;;;;;;;;x
ZAC_federal_democracy;Republic of Zacatecas;;;;;;;;;;;;;x
ZAM_colonial_company;Northern Rhodesia;;;;;;;;;;;;;x
ZAM_dominion;Northern Rhodesia;;;;;;;;;;;;;x
